sample_id, target
ID1011485656.jpg__dry_clover_g,9.36575
ID1011485656.jpg__dry_dead_g,54.6987414342588
ID1011485656.jpg__dry_green_g,60.9033
ID1011485656.jpg__GDM_g,2666.6666666666665
ID1011485656.jpg__dry_total_g,56.01385
ID1012260530.jpg__dry_clover_g,11.56335
ID1012260530.jpg__dry_dead_g,67.8216889056365
ID1012260530.jpg__dry_green_g,28.357100000000003
ID1012260530.jpg__GDM_g,2666.6666666666665
ID1012260530.jpg__dry_total_g,18.225649999999998
ID1025234388.jpg__dry_clover_g,3.7430499999999998
ID1025234388.jpg__dry_dead_g,73.20696272584665
ID1025234388.jpg__dry_green_g,23.21285
ID1025234388.jpg__GDM_g,2666.6666666666665
ID1025234388.jpg__dry_total_g,18.547549999999998
ID1028611175.jpg__dry_clover_g,3.3823
ID1028611175.jpg__dry_dead_g,54.051726850172955
ID1028611175.jpg__dry_green_g,74.12355000000001
ID1028611175.jpg__GDM_g,2666.6666666666665
ID1028611175.jpg__dry_total_g,74.9693
ID1035947949.jpg__dry_clover_g,19.09715
ID1035947949.jpg__dry_dead_g,89.6276462329057
ID1035947949.jpg__dry_green_g,46.9181
ID1035947949.jpg__GDM_g,2666.6666666666665
ID1035947949.jpg__dry_total_g,66.3562
ID1036339023.jpg__dry_clover_g,0.4018
ID1036339023.jpg__dry_dead_g,8.847069799415678
ID1036339023.jpg__dry_green_g,98.46325
ID1036339023.jpg__GDM_g,2666.6666666666665
ID1036339023.jpg__dry_total_g,97.18130000000001
ID1049634115.jpg__dry_clover_g,2.075
ID1049634115.jpg__dry_dead_g,13.466798188584495
ID1049634115.jpg__dry_green_g,97.54095000000001
ID1049634115.jpg__GDM_g,2666.6666666666665
ID1049634115.jpg__dry_total_g,97.46205
ID1051144034.jpg__dry_clover_g,1.9380000000000002
ID1051144034.jpg__dry_dead_g,6.333871979576553
ID1051144034.jpg__dry_green_g,89.38265
ID1051144034.jpg__GDM_g,2666.6666666666665
ID1051144034.jpg__dry_total_g,84.91969999999999
ID1052620238.jpg__dry_clover_g,3.7382999999999997
ID1052620238.jpg__dry_dead_g,30.686698144703584
ID1052620238.jpg__dry_green_g,62.6325
ID1052620238.jpg__GDM_g,2666.6666666666665
ID1052620238.jpg__dry_total_g,36.89365
ID105271783.jpg__dry_clover_g,1.3308499999999999
ID105271783.jpg__dry_dead_g,4.054602030929199
ID105271783.jpg__dry_green_g,95.27815
ID105271783.jpg__GDM_g,2666.6666666666665
ID105271783.jpg__dry_total_g,91.2755
ID1053972079.jpg__dry_clover_g,10.020900000000001
ID1053972079.jpg__dry_dead_g,61.16989356853117
ID1053972079.jpg__dry_green_g,53.0722
ID1053972079.jpg__GDM_g,2666.6666666666665
ID1053972079.jpg__dry_total_g,56.10190000000001
ID1058383417.jpg__dry_clover_g,5.8099
ID1058383417.jpg__dry_dead_g,72.57767456982151
ID1058383417.jpg__dry_green_g,57.70035
ID1058383417.jpg__GDM_g,2666.6666666666665
ID1058383417.jpg__dry_total_g,64.1764
ID1062837331.jpg__dry_clover_g,0.49040000000000006
ID1062837331.jpg__dry_dead_g,7.413524998387663
ID1062837331.jpg__dry_green_g,98.28125
ID1062837331.jpg__GDM_g,2666.6666666666665
ID1062837331.jpg__dry_total_g,97.27515
ID1070112260.jpg__dry_clover_g,10.3062
ID1070112260.jpg__dry_dead_g,47.7466711414266
ID1070112260.jpg__dry_green_g,69.4982
ID1070112260.jpg__GDM_g,2666.6666666666665
ID1070112260.jpg__dry_total_g,67.28245000000001
ID1078930021.jpg__dry_clover_g,6.575449999999999
ID1078930021.jpg__dry_dead_g,17.340114886041775
ID1078930021.jpg__dry_green_g,93.84075
ID1078930021.jpg__GDM_g,2666.6666666666665
ID1078930021.jpg__dry_total_g,94.40305
ID1084819986.jpg__dry_clover_g,19.89425
ID1084819986.jpg__dry_dead_g,75.05181249815953
ID1084819986.jpg__dry_green_g,60.2266
ID1084819986.jpg__GDM_g,2666.6666666666665
ID1084819986.jpg__dry_total_g,67.89659999999999
ID1088965591.jpg__dry_clover_g,0.23804999999999998
ID1088965591.jpg__dry_dead_g,7.081890940035751
ID1088965591.jpg__dry_green_g,89.72109999999999
ID1088965591.jpg__GDM_g,2666.6666666666665
ID1088965591.jpg__dry_total_g,84.5467
ID1098771283.jpg__dry_clover_g,29.17245
ID1098771283.jpg__dry_dead_g,94.26754037870172
ID1098771283.jpg__dry_green_g,27.2578
ID1098771283.jpg__GDM_g,2666.6666666666665
ID1098771283.jpg__dry_total_g,36.133500000000005
ID1103883611.jpg__dry_clover_g,15.62175
ID1103883611.jpg__dry_dead_g,67.93294153877738
ID1103883611.jpg__dry_green_g,52.486999999999995
ID1103883611.jpg__GDM_g,2666.6666666666665
ID1103883611.jpg__dry_total_g,55.097249999999995
ID1108283583.jpg__dry_clover_g,1.4588
ID1108283583.jpg__dry_dead_g,49.90954567876849
ID1108283583.jpg__dry_green_g,90.16125000000001
ID1108283583.jpg__GDM_g,2666.6666666666665
ID1108283583.jpg__dry_total_g,91.98335
ID1113121340.jpg__dry_clover_g,0.08405
ID1113121340.jpg__dry_dead_g,10.556982765812267
ID1113121340.jpg__dry_green_g,95.0722
ID1113121340.jpg__GDM_g,2666.6666666666665
ID1113121340.jpg__dry_total_g,92.56545
ID1113329413.jpg__dry_clover_g,3.1313
ID1113329413.jpg__dry_dead_g,67.7968444392524
ID1113329413.jpg__dry_green_g,66.8955
ID1113329413.jpg__GDM_g,2666.6666666666665
ID1113329413.jpg__dry_total_g,69.86055
ID1119739385.jpg__dry_clover_g,18.69405
ID1119739385.jpg__dry_dead_g,91.96635848559532
ID1119739385.jpg__dry_green_g,17.1232
ID1119739385.jpg__GDM_g,2666.6666666666665
ID1119739385.jpg__dry_total_g,19.8293
ID1119761112.jpg__dry_clover_g,4.0199
ID1119761112.jpg__dry_dead_g,57.86695050402649
ID1119761112.jpg__dry_green_g,46.16175
ID1119761112.jpg__GDM_g,2666.6666666666665
ID1119761112.jpg__dry_total_g,34.7423
ID1121692672.jpg__dry_clover_g,17.307
ID1121692672.jpg__dry_dead_g,45.889603803027555
ID1121692672.jpg__dry_green_g,67.5005
ID1121692672.jpg__GDM_g,2666.6666666666665
ID1121692672.jpg__dry_total_g,52.4233
ID1127246618.jpg__dry_clover_g,1.43535
ID1127246618.jpg__dry_dead_g,23.550265333254885
ID1127246618.jpg__dry_green_g,80.1813
ID1127246618.jpg__GDM_g,2666.6666666666665
ID1127246618.jpg__dry_total_g,73.65305
ID112966473.jpg__dry_clover_g,1.8608500000000001
ID112966473.jpg__dry_dead_g,15.317569140412829
ID112966473.jpg__dry_green_g,96.1478
ID112966473.jpg__GDM_g,2666.6666666666665
ID112966473.jpg__dry_total_g,95.10975
ID1131079710.jpg__dry_clover_g,48.107
ID1131079710.jpg__dry_dead_g,70.37149312237844
ID1131079710.jpg__dry_green_g,49.0706
ID1131079710.jpg__GDM_g,2666.6666666666665
ID1131079710.jpg__dry_total_g,53.1548
ID1136169672.jpg__dry_clover_g,4.2581500000000005
ID1136169672.jpg__dry_dead_g,49.7473961368888
ID1136169672.jpg__dry_green_g,59.98585
ID1136169672.jpg__GDM_g,2666.6666666666665
ID1136169672.jpg__dry_total_g,49.345349999999996
ID1139866256.jpg__dry_clover_g,1.6782499999999998
ID1139866256.jpg__dry_dead_g,42.86813263255978
ID1139866256.jpg__dry_green_g,77.3674
ID1139866256.jpg__GDM_g,2666.6666666666665
ID1139866256.jpg__dry_total_g,73.1305
ID1139918758.jpg__dry_clover_g,0.779
ID1139918758.jpg__dry_dead_g,2.637771918259723
ID1139918758.jpg__dry_green_g,92.7946
ID1139918758.jpg__GDM_g,2666.6666666666665
ID1139918758.jpg__dry_total_g,89.39009999999999
ID1140993511.jpg__dry_clover_g,2.0309
ID1140993511.jpg__dry_dead_g,66.84514626903632
ID1140993511.jpg__dry_green_g,85.93235
ID1140993511.jpg__GDM_g,2666.6666666666665
ID1140993511.jpg__dry_total_g,88.42125
ID1148528732.jpg__dry_clover_g,0.76565
ID1148528732.jpg__dry_dead_g,22.278377975980238
ID1148528732.jpg__dry_green_g,91.95545
ID1148528732.jpg__GDM_g,2666.6666666666665
ID1148528732.jpg__dry_total_g,89.60719999999999
ID1148666289.jpg__dry_clover_g,5.9094
ID1148666289.jpg__dry_dead_g,21.703381802533112
ID1148666289.jpg__dry_green_g,81.21875
ID1148666289.jpg__GDM_g,2666.6666666666665
ID1148666289.jpg__dry_total_g,60.48694999999999
ID1149598723.jpg__dry_clover_g,0.0048000000000000004
ID1149598723.jpg__dry_dead_g,15.104855246956673
ID1149598723.jpg__dry_green_g,88.3342
ID1149598723.jpg__GDM_g,2666.6666666666665
ID1149598723.jpg__dry_total_g,81.24955
ID1159071020.jpg__dry_clover_g,6.429600000000001
ID1159071020.jpg__dry_dead_g,39.7771130444695
ID1159071020.jpg__dry_green_g,94.48115
ID1159071020.jpg__GDM_g,2666.6666666666665
ID1159071020.jpg__dry_total_g,97.1333
ID1163061745.jpg__dry_clover_g,5.63055
ID1163061745.jpg__dry_dead_g,75.39594907267929
ID1163061745.jpg__dry_green_g,33.701
ID1163061745.jpg__GDM_g,2666.6666666666665
ID1163061745.jpg__dry_total_g,33.145
ID1168534540.jpg__dry_clover_g,0.10319999999999999
ID1168534540.jpg__dry_dead_g,5.633296708612337
ID1168534540.jpg__dry_green_g,92.4505
ID1168534540.jpg__GDM_g,2666.6666666666665
ID1168534540.jpg__dry_total_g,83.4199
ID1176292407.jpg__dry_clover_g,11.8893
ID1176292407.jpg__dry_dead_g,71.74166680757627
ID1176292407.jpg__dry_green_g,55.2605
ID1176292407.jpg__GDM_g,2666.6666666666665
ID1176292407.jpg__dry_total_g,57.18265
ID1182523622.jpg__dry_clover_g,3.0945
ID1182523622.jpg__dry_dead_g,91.7061134327414
ID1182523622.jpg__dry_green_g,22.40435
ID1182523622.jpg__GDM_g,2666.6666666666665
ID1182523622.jpg__dry_total_g,26.52865
ID1183807388.jpg__dry_clover_g,3.0721
ID1183807388.jpg__dry_dead_g,80.61631677849554
ID1183807388.jpg__dry_green_g,73.23125
ID1183807388.jpg__GDM_g,2666.6666666666665
ID1183807388.jpg__dry_total_g,85.8938
ID1193692654.jpg__dry_clover_g,5.67185
ID1193692654.jpg__dry_dead_g,69.94219406923399
ID1193692654.jpg__dry_green_g,77.1853
ID1193692654.jpg__GDM_g,2666.6666666666665
ID1193692654.jpg__dry_total_g,84.84295
ID1199150612.jpg__dry_clover_g,28.114099999999997
ID1199150612.jpg__dry_dead_g,90.96922427545765
ID1199150612.jpg__dry_green_g,54.68425
ID1199150612.jpg__GDM_g,2666.6666666666665
ID1199150612.jpg__dry_total_g,74.6197
ID1208644039.jpg__dry_clover_g,0.2006
ID1208644039.jpg__dry_dead_g,19.82623733401034
ID1208644039.jpg__dry_green_g,95.47735
ID1208644039.jpg__GDM_g,2666.6666666666665
ID1208644039.jpg__dry_total_g,92.05815000000001
ID1211362607.jpg__dry_clover_g,23.6886
ID1211362607.jpg__dry_dead_g,81.36290340577939
ID1211362607.jpg__dry_green_g,54.2585
ID1211362607.jpg__GDM_g,2666.6666666666665
ID1211362607.jpg__dry_total_g,65.68525
ID121331988.jpg__dry_clover_g,0.8380000000000001
ID121331988.jpg__dry_dead_g,21.119888197118556
ID121331988.jpg__dry_green_g,86.3631
ID121331988.jpg__GDM_g,2666.6666666666665
ID121331988.jpg__dry_total_g,73.81025
ID1215977190.jpg__dry_clover_g,1.1629
ID1215977190.jpg__dry_dead_g,25.493473651707927
ID1215977190.jpg__dry_green_g,82.7782
ID1215977190.jpg__GDM_g,2666.6666666666665
ID1215977190.jpg__dry_total_g,75.06615
ID1217108125.jpg__dry_clover_g,5.185
ID1217108125.jpg__dry_dead_g,68.06342301713674
ID1217108125.jpg__dry_green_g,42.20025
ID1217108125.jpg__GDM_g,2666.6666666666665
ID1217108125.jpg__dry_total_g,41.7236
ID1237349078.jpg__dry_clover_g,29.298000000000002
ID1237349078.jpg__dry_dead_g,87.45995021982085
ID1237349078.jpg__dry_green_g,19.474800000000002
ID1237349078.jpg__GDM_g,2666.6666666666665
ID1237349078.jpg__dry_total_g,17.63895
ID12390962.jpg__dry_clover_g,5.90355
ID12390962.jpg__dry_dead_g,80.74836248409932
ID12390962.jpg__dry_green_g,47.91545
ID12390962.jpg__GDM_g,2666.6666666666665
ID12390962.jpg__dry_total_g,58.70385
ID1244346858.jpg__dry_clover_g,12.8222
ID1244346858.jpg__dry_dead_g,84.09726452651289
ID1244346858.jpg__dry_green_g,51.2161
ID1244346858.jpg__GDM_g,2666.6666666666665
ID1244346858.jpg__dry_total_g,58.65135
ID1249094008.jpg__dry_clover_g,8.5605
ID1249094008.jpg__dry_dead_g,45.342947084067255
ID1249094008.jpg__dry_green_g,71.01185
ID1249094008.jpg__GDM_g,2666.6666666666665
ID1249094008.jpg__dry_total_g,66.66775
ID1251029854.jpg__dry_clover_g,3.8133
ID1251029854.jpg__dry_dead_g,53.20492968745793
ID1251029854.jpg__dry_green_g,55.25975
ID1251029854.jpg__GDM_g,2666.6666666666665
ID1251029854.jpg__dry_total_g,43.759150000000005
ID1254829053.jpg__dry_clover_g,5.868650000000001
ID1254829053.jpg__dry_dead_g,26.49586681280321
ID1254829053.jpg__dry_green_g,74.3335
ID1254829053.jpg__GDM_g,2666.6666666666665
ID1254829053.jpg__dry_total_g,61.6
ID1268934251.jpg__dry_clover_g,16.8962
ID1268934251.jpg__dry_dead_g,91.74117605369509
ID1268934251.jpg__dry_green_g,22.896
ID1268934251.jpg__GDM_g,2666.6666666666665
ID1268934251.jpg__dry_total_g,31.739099999999997
ID1275072698.jpg__dry_clover_g,3.3735500000000003
ID1275072698.jpg__dry_dead_g,27.5128036903109
ID1275072698.jpg__dry_green_g,72.11269999999999
ID1275072698.jpg__GDM_g,2666.6666666666665
ID1275072698.jpg__dry_total_g,68.535
ID1277756619.jpg__dry_clover_g,0.78125
ID1277756619.jpg__dry_dead_g,53.7631500734985
ID1277756619.jpg__dry_green_g,24.9608
ID1277756619.jpg__GDM_g,2666.6666666666665
ID1277756619.jpg__dry_total_g,7.6657
ID1291116815.jpg__dry_clover_g,1.4814
ID1291116815.jpg__dry_dead_g,11.413494984366023
ID1291116815.jpg__dry_green_g,97.18185
ID1291116815.jpg__GDM_g,2666.6666666666665
ID1291116815.jpg__dry_total_g,96.67855
ID1294770420.jpg__dry_clover_g,29.683300000000003
ID1294770420.jpg__dry_dead_g,82.98393373863169
ID1294770420.jpg__dry_green_g,46.495799999999996
ID1294770420.jpg__GDM_g,2666.6666666666665
ID1294770420.jpg__dry_total_g,62.6077
ID1314135397.jpg__dry_clover_g,1.6623999999999999
ID1314135397.jpg__dry_dead_g,34.48791504917363
ID1314135397.jpg__dry_green_g,84.79875
ID1314135397.jpg__GDM_g,2666.6666666666665
ID1314135397.jpg__dry_total_g,82.75805000000001
ID13162390.jpg__dry_clover_g,1.209
ID13162390.jpg__dry_dead_g,40.84286177112235
ID13162390.jpg__dry_green_g,93.0048
ID13162390.jpg__GDM_g,2666.6666666666665
ID13162390.jpg__dry_total_g,89.9765
ID1337107565.jpg__dry_clover_g,5.903
ID1337107565.jpg__dry_dead_g,99.44359978993366
ID1337107565.jpg__dry_green_g,6.80885
ID1337107565.jpg__GDM_g,2666.6666666666665
ID1337107565.jpg__dry_total_g,14.057500000000001
ID1343327476.jpg__dry_clover_g,4.0657
ID1343327476.jpg__dry_dead_g,42.088654466460405
ID1343327476.jpg__dry_green_g,95.33655
ID1343327476.jpg__GDM_g,2666.6666666666665
ID1343327476.jpg__dry_total_g,96.2809
ID1345375788.jpg__dry_clover_g,7.5904
ID1345375788.jpg__dry_dead_g,36.65535523417371
ID1345375788.jpg__dry_green_g,71.63935000000001
ID1345375788.jpg__GDM_g,2666.6666666666665
ID1345375788.jpg__dry_total_g,64.23175
ID135365668.jpg__dry_clover_g,10.88685
ID135365668.jpg__dry_dead_g,36.09110865411154
ID135365668.jpg__dry_green_g,80.1683
ID135365668.jpg__GDM_g,2666.6666666666665
ID135365668.jpg__dry_total_g,78.9216
ID1354190372.jpg__dry_clover_g,29.801699999999997
ID1354190372.jpg__dry_dead_g,77.67074423118439
ID1354190372.jpg__dry_green_g,75.48125
ID1354190372.jpg__GDM_g,2666.6666666666665
ID1354190372.jpg__dry_total_g,89.75094999999999
ID1357758282.jpg__dry_clover_g,2.28735
ID1357758282.jpg__dry_dead_g,44.71817220541627
ID1357758282.jpg__dry_green_g,50.6366
ID1357758282.jpg__GDM_g,2666.6666666666665
ID1357758282.jpg__dry_total_g,40.46925
ID1357768767.jpg__dry_clover_g,7.797700000000001
ID1357768767.jpg__dry_dead_g,58.606949740261136
ID1357768767.jpg__dry_green_g,71.86295
ID1357768767.jpg__GDM_g,2666.6666666666665
ID1357768767.jpg__dry_total_g,72.9503
ID1370004842.jpg__dry_clover_g,9.6984
ID1370004842.jpg__dry_dead_g,83.72521455335337
ID1370004842.jpg__dry_green_g,49.0034
ID1370004842.jpg__GDM_g,2666.6666666666665
ID1370004842.jpg__dry_total_g,61.11755
ID1374789439.jpg__dry_clover_g,0.9540500000000001
ID1374789439.jpg__dry_dead_g,17.99499159201249
ID1374789439.jpg__dry_green_g,94.51195
ID1374789439.jpg__GDM_g,2666.6666666666665
ID1374789439.jpg__dry_total_g,93.81585
ID1385921939.jpg__dry_clover_g,1.0021499999999999
ID1385921939.jpg__dry_dead_g,15.413018822842611
ID1385921939.jpg__dry_green_g,81.62740000000001
ID1385921939.jpg__GDM_g,2666.6666666666665
ID1385921939.jpg__dry_total_g,71.61229999999999
ID1386202352.jpg__dry_clover_g,0.7327
ID1386202352.jpg__dry_dead_g,19.566751988172214
ID1386202352.jpg__dry_green_g,95.5178
ID1386202352.jpg__GDM_g,2666.6666666666665
ID1386202352.jpg__dry_total_g,95.79335
ID1395011773.jpg__dry_clover_g,15.2116
ID1395011773.jpg__dry_dead_g,89.25716363941558
ID1395011773.jpg__dry_green_g,29.254550000000002
ID1395011773.jpg__GDM_g,2666.6666666666665
ID1395011773.jpg__dry_total_g,32.3538
ID1403078396.jpg__dry_clover_g,39.22205
ID1403078396.jpg__dry_dead_g,76.28126226007684
ID1403078396.jpg__dry_green_g,27.990350000000003
ID1403078396.jpg__GDM_g,2666.6666666666665
ID1403078396.jpg__dry_total_g,28.909049999999997
ID1403107574.jpg__dry_clover_g,9.8736
ID1403107574.jpg__dry_dead_g,50.016462606911226
ID1403107574.jpg__dry_green_g,47.1816
ID1403107574.jpg__GDM_g,2666.6666666666665
ID1403107574.jpg__dry_total_g,32.38785
ID1411613934.jpg__dry_clover_g,32.69185
ID1411613934.jpg__dry_dead_g,83.17369646247003
ID1411613934.jpg__dry_green_g,32.16455
ID1411613934.jpg__GDM_g,2666.6666666666665
ID1411613934.jpg__dry_total_g,32.30435
ID141370843.jpg__dry_clover_g,4.01345
ID141370843.jpg__dry_dead_g,41.03450219779481
ID141370843.jpg__dry_green_g,93.3242
ID141370843.jpg__GDM_g,2666.6666666666665
ID141370843.jpg__dry_total_g,94.7384
ID1413758094.jpg__dry_clover_g,16.85
ID1413758094.jpg__dry_dead_g,70.6628925384382
ID1413758094.jpg__dry_green_g,46.4046
ID1413758094.jpg__GDM_g,2666.6666666666665
ID1413758094.jpg__dry_total_g,45.11615
ID1414371018.jpg__dry_clover_g,10.051
ID1414371018.jpg__dry_dead_g,54.34830546455396
ID1414371018.jpg__dry_green_g,80.36715
ID1414371018.jpg__GDM_g,2666.6666666666665
ID1414371018.jpg__dry_total_g,89.125
ID1415329644.jpg__dry_clover_g,2.40455
ID1415329644.jpg__dry_dead_g,7.57410294041683
ID1415329644.jpg__dry_green_g,88.02815000000001
ID1415329644.jpg__GDM_g,2666.6666666666665
ID1415329644.jpg__dry_total_g,77.00085
ID1421714468.jpg__dry_clover_g,1.22545
ID1421714468.jpg__dry_dead_g,14.253134528027198
ID1421714468.jpg__dry_green_g,86.21585
ID1421714468.jpg__GDM_g,2666.6666666666665
ID1421714468.jpg__dry_total_g,76.66115
ID142751858.jpg__dry_clover_g,1.1651
ID142751858.jpg__dry_dead_g,17.251934897174902
ID142751858.jpg__dry_green_g,98.51115
ID142751858.jpg__GDM_g,2666.6666666666665
ID142751858.jpg__dry_total_g,98.47155
ID1428837636.jpg__dry_clover_g,3.08535
ID1428837636.jpg__dry_dead_g,52.1327047897271
ID1428837636.jpg__dry_green_g,57.11385
ID1428837636.jpg__GDM_g,2666.6666666666665
ID1428837636.jpg__dry_total_g,55.931549999999994
ID1437386574.jpg__dry_clover_g,0.57555
ID1437386574.jpg__dry_dead_g,15.134534908437727
ID1437386574.jpg__dry_green_g,92.7026
ID1437386574.jpg__GDM_g,2666.6666666666665
ID1437386574.jpg__dry_total_g,91.02715
ID1444674500.jpg__dry_clover_g,1.6816999999999998
ID1444674500.jpg__dry_dead_g,81.28641544474036
ID1444674500.jpg__dry_green_g,12.42925
ID1444674500.jpg__GDM_g,2666.6666666666665
ID1444674500.jpg__dry_total_g,2.2499000000000002
ID1450399782.jpg__dry_clover_g,1.5088000000000001
ID1450399782.jpg__dry_dead_g,30.134209942186175
ID1450399782.jpg__dry_green_g,96.09349999999999
ID1450399782.jpg__GDM_g,2666.6666666666665
ID1450399782.jpg__dry_total_g,97.01475
ID1451025862.jpg__dry_clover_g,28.242250000000002
ID1451025862.jpg__dry_dead_g,76.98616009564859
ID1451025862.jpg__dry_green_g,53.04965000000001
ID1451025862.jpg__GDM_g,2666.6666666666665
ID1451025862.jpg__dry_total_g,66.21565000000001
ID1456861072.jpg__dry_clover_g,51.309349999999995
ID1456861072.jpg__dry_dead_g,97.64599008630053
ID1456861072.jpg__dry_green_g,4.11025
ID1456861072.jpg__GDM_g,2666.6666666666665
ID1456861072.jpg__dry_total_g,4.22655
ID1457700382.jpg__dry_clover_g,2.0469
ID1457700382.jpg__dry_dead_g,14.167661606685996
ID1457700382.jpg__dry_green_g,56.7557
ID1457700382.jpg__GDM_g,2666.6666666666665
ID1457700382.jpg__dry_total_g,44.933099999999996
ID1458758610.jpg__dry_clover_g,9.388
ID1458758610.jpg__dry_dead_g,86.24259584335883
ID1458758610.jpg__dry_green_g,47.44195
ID1458758610.jpg__GDM_g,2666.6666666666665
ID1458758610.jpg__dry_total_g,59.6699
ID1463690813.jpg__dry_clover_g,0.59685
ID1463690813.jpg__dry_dead_g,6.44260248021619
ID1463690813.jpg__dry_green_g,92.7984
ID1463690813.jpg__GDM_g,2666.6666666666665
ID1463690813.jpg__dry_total_g,90.39665
ID146920896.jpg__dry_clover_g,18.78745
ID146920896.jpg__dry_dead_g,79.6455120741466
ID146920896.jpg__dry_green_g,18.16215
ID146920896.jpg__GDM_g,2666.6666666666665
ID146920896.jpg__dry_total_g,16.51535
ID1471216911.jpg__dry_clover_g,0.04145
ID1471216911.jpg__dry_dead_g,3.961767722242513
ID1471216911.jpg__dry_green_g,94.85900000000001
ID1471216911.jpg__GDM_g,2666.6666666666665
ID1471216911.jpg__dry_total_g,91.67445
ID1472525822.jpg__dry_clover_g,4.57845
ID1472525822.jpg__dry_dead_g,34.814130349236144
ID1472525822.jpg__dry_green_g,77.14545000000001
ID1472525822.jpg__GDM_g,2666.6666666666665
ID1472525822.jpg__dry_total_g,72.7638
ID1473228876.jpg__dry_clover_g,2.57215
ID1473228876.jpg__dry_dead_g,35.969214599479486
ID1473228876.jpg__dry_green_g,84.8745
ID1473228876.jpg__GDM_g,2666.6666666666665
ID1473228876.jpg__dry_total_g,83.22455
ID1474775613.jpg__dry_clover_g,0.01985
ID1474775613.jpg__dry_dead_g,15.883545370221174
ID1474775613.jpg__dry_green_g,87.471
ID1474775613.jpg__GDM_g,2666.6666666666665
ID1474775613.jpg__dry_total_g,76.1193
ID147528735.jpg__dry_clover_g,3.7998499999999997
ID147528735.jpg__dry_dead_g,35.75903758279221
ID147528735.jpg__dry_green_g,73.28415
ID147528735.jpg__GDM_g,2666.6666666666665
ID147528735.jpg__dry_total_g,70.40769999999999
ID1476045099.jpg__dry_clover_g,0.5760000000000001
ID1476045099.jpg__dry_dead_g,33.30324490882477
ID1476045099.jpg__dry_green_g,95.7538
ID1476045099.jpg__GDM_g,2666.6666666666665
ID1476045099.jpg__dry_total_g,94.2107
ID1477176296.jpg__dry_clover_g,0.97435
ID1477176296.jpg__dry_dead_g,9.05878846776806
ID1477176296.jpg__dry_green_g,96.62065
ID1477176296.jpg__GDM_g,2666.6666666666665
ID1477176296.jpg__dry_total_g,95.4956
ID1488408526.jpg__dry_clover_g,5.9060500000000005
ID1488408526.jpg__dry_dead_g,73.02570004806111
ID1488408526.jpg__dry_green_g,39.49335
ID1488408526.jpg__GDM_g,2666.6666666666665
ID1488408526.jpg__dry_total_g,38.7994
ID1496750796.jpg__dry_clover_g,3.2666500000000003
ID1496750796.jpg__dry_dead_g,62.41697534722277
ID1496750796.jpg__dry_green_g,88.74085000000001
ID1496750796.jpg__GDM_g,2666.6666666666665
ID1496750796.jpg__dry_total_g,91.2971
ID1498398599.jpg__dry_clover_g,69.3037
ID1498398599.jpg__dry_dead_g,85.25078787087928
ID1498398599.jpg__dry_green_g,21.11945
ID1498398599.jpg__GDM_g,2666.6666666666665
ID1498398599.jpg__dry_total_g,22.72145
ID1509266870.jpg__dry_clover_g,0.4144
ID1509266870.jpg__dry_dead_g,25.439682143990616
ID1509266870.jpg__dry_green_g,92.39065
ID1509266870.jpg__GDM_g,2666.6666666666665
ID1509266870.jpg__dry_total_g,88.19405
ID1510574031.jpg__dry_clover_g,12.35705
ID1510574031.jpg__dry_dead_g,79.98259171073762
ID1510574031.jpg__dry_green_g,37.10015
ID1510574031.jpg__GDM_g,2666.6666666666665
ID1510574031.jpg__dry_total_g,42.90205
ID1512751450.jpg__dry_clover_g,1.47245
ID1512751450.jpg__dry_dead_g,56.03949772925001
ID1512751450.jpg__dry_green_g,88.4134
ID1512751450.jpg__GDM_g,2666.6666666666665
ID1512751450.jpg__dry_total_g,91.864
ID1513184765.jpg__dry_clover_g,5.97715
ID1513184765.jpg__dry_dead_g,55.82503802452996
ID1513184765.jpg__dry_green_g,30.962849999999996
ID1513184765.jpg__GDM_g,2666.6666666666665
ID1513184765.jpg__dry_total_g,22.629550000000002
ID1515990019.jpg__dry_clover_g,0.4032
ID1515990019.jpg__dry_dead_g,30.25371386478038
ID1515990019.jpg__dry_green_g,24.5494
ID1515990019.jpg__GDM_g,2666.6666666666665
ID1515990019.jpg__dry_total_g,13.588149999999999
ID1516374298.jpg__dry_clover_g,44.84375
ID1516374298.jpg__dry_dead_g,92.24675854286656
ID1516374298.jpg__dry_green_g,18.003549999999997
ID1516374298.jpg__GDM_g,2666.6666666666665
ID1516374298.jpg__dry_total_g,21.4921
ID152157478.jpg__dry_clover_g,0.5157
ID152157478.jpg__dry_dead_g,10.057901744457833
ID152157478.jpg__dry_green_g,98.07945000000001
ID152157478.jpg__GDM_g,2666.6666666666665
ID152157478.jpg__dry_total_g,96.86055
ID1525817840.jpg__dry_clover_g,6.80825
ID1525817840.jpg__dry_dead_g,30.3074390599936
ID1525817840.jpg__dry_green_g,84.7051
ID1525817840.jpg__GDM_g,2666.6666666666665
ID1525817840.jpg__dry_total_g,83.4845
ID1540480250.jpg__dry_clover_g,10.58525
ID1540480250.jpg__dry_dead_g,66.35651035048967
ID1540480250.jpg__dry_green_g,64.982
ID1540480250.jpg__GDM_g,2666.6666666666665
ID1540480250.jpg__dry_total_g,70.2489
ID1545077474.jpg__dry_clover_g,39.8091
ID1545077474.jpg__dry_dead_g,98.73180385002969
ID1545077474.jpg__dry_green_g,7.68185
ID1545077474.jpg__GDM_g,2666.6666666666665
ID1545077474.jpg__dry_total_g,15.7606
ID1547945326.jpg__dry_clover_g,3.51755
ID1547945326.jpg__dry_dead_g,63.824301551029116
ID1547945326.jpg__dry_green_g,83.86314999999999
ID1547945326.jpg__GDM_g,2666.6666666666665
ID1547945326.jpg__dry_total_g,87.40845
ID1559189397.jpg__dry_clover_g,1.0487
ID1559189397.jpg__dry_dead_g,13.41130224290407
ID1559189397.jpg__dry_green_g,52.3849
ID1559189397.jpg__GDM_g,2666.6666666666665
ID1559189397.jpg__dry_total_g,43.04455
ID1563418511.jpg__dry_clover_g,3.2307
ID1563418511.jpg__dry_dead_g,31.50575802705963
ID1563418511.jpg__dry_green_g,83.6348
ID1563418511.jpg__GDM_g,2666.6666666666665
ID1563418511.jpg__dry_total_g,77.7007
ID1570190541.jpg__dry_clover_g,40.2882
ID1570190541.jpg__dry_dead_g,77.59368147917726
ID1570190541.jpg__dry_green_g,53.13099999999999
ID1570190541.jpg__GDM_g,2666.6666666666665
ID1570190541.jpg__dry_total_g,61.59435
ID1573329652.jpg__dry_clover_g,5.8429
ID1573329652.jpg__dry_dead_g,48.898902679932526
ID1573329652.jpg__dry_green_g,72.55275
ID1573329652.jpg__GDM_g,2666.6666666666665
ID1573329652.jpg__dry_total_g,70.9592
ID1574125908.jpg__dry_clover_g,36.3267
ID1574125908.jpg__dry_dead_g,88.84884121038183
ID1574125908.jpg__dry_green_g,31.1305
ID1574125908.jpg__GDM_g,2666.6666666666665
ID1574125908.jpg__dry_total_g,39.70305
ID157479394.jpg__dry_clover_g,8.08475
ID157479394.jpg__dry_dead_g,36.904332919233084
ID157479394.jpg__dry_green_g,75.37225
ID157479394.jpg__GDM_g,2666.6666666666665
ID157479394.jpg__dry_total_g,65.0124
ID1579942839.jpg__dry_clover_g,12.3989
ID1579942839.jpg__dry_dead_g,54.3671127167275
ID1579942839.jpg__dry_green_g,59.681850000000004
ID1579942839.jpg__GDM_g,2666.6666666666665
ID1579942839.jpg__dry_total_g,61.0815
ID158170916.jpg__dry_clover_g,1.57155
ID158170916.jpg__dry_dead_g,11.788853138589788
ID158170916.jpg__dry_green_g,98.46675
ID158170916.jpg__GDM_g,2666.6666666666665
ID158170916.jpg__dry_total_g,98.70595
ID1590632667.jpg__dry_clover_g,22.08165
ID1590632667.jpg__dry_dead_g,66.46351080597877
ID1590632667.jpg__dry_green_g,70.2812
ID1590632667.jpg__GDM_g,2666.6666666666665
ID1590632667.jpg__dry_total_g,81.57419999999999
ID1618145129.jpg__dry_clover_g,10.17165
ID1618145129.jpg__dry_dead_g,39.83244777246991
ID1618145129.jpg__dry_green_g,89.3647
ID1618145129.jpg__GDM_g,2666.6666666666665
ID1618145129.jpg__dry_total_g,93.9076
ID1618597318.jpg__dry_clover_g,6.89435
ID1618597318.jpg__dry_dead_g,32.62265109258037
ID1618597318.jpg__dry_green_g,68.4542
ID1618597318.jpg__GDM_g,2666.6666666666665
ID1618597318.jpg__dry_total_g,58.537349999999996
ID1620371305.jpg__dry_clover_g,1.4685
ID1620371305.jpg__dry_dead_g,26.95915381366764
ID1620371305.jpg__dry_green_g,98.04465
ID1620371305.jpg__GDM_g,2666.6666666666665
ID1620371305.jpg__dry_total_g,98.0421
ID162394992.jpg__dry_clover_g,7.968999999999999
ID162394992.jpg__dry_dead_g,71.59714670292648
ID162394992.jpg__dry_green_g,69.84270000000001
ID162394992.jpg__GDM_g,2666.6666666666665
ID162394992.jpg__dry_total_g,76.8923
ID1623964968.jpg__dry_clover_g,60.877250000000004
ID1623964968.jpg__dry_dead_g,94.06414517864536
ID1623964968.jpg__dry_green_g,18.046
ID1623964968.jpg__GDM_g,2666.6666666666665
ID1623964968.jpg__dry_total_g,26.14875
ID1624268863.jpg__dry_clover_g,5.94595
ID1624268863.jpg__dry_dead_g,53.38892685953252
ID1624268863.jpg__dry_green_g,69.65044999999999
ID1624268863.jpg__GDM_g,2666.6666666666665
ID1624268863.jpg__dry_total_g,70.00484999999999
ID1634731537.jpg__dry_clover_g,34.97215
ID1634731537.jpg__dry_dead_g,83.25904939128273
ID1634731537.jpg__dry_green_g,45.6416
ID1634731537.jpg__GDM_g,2666.6666666666665
ID1634731537.jpg__dry_total_g,55.82405
ID1638922597.jpg__dry_clover_g,2.8116499999999998
ID1638922597.jpg__dry_dead_g,79.95516125894582
ID1638922597.jpg__dry_green_g,47.0523
ID1638922597.jpg__GDM_g,2666.6666666666665
ID1638922597.jpg__dry_total_g,51.9594
ID1645161155.jpg__dry_clover_g,10.35505
ID1645161155.jpg__dry_dead_g,58.82580520359802
ID1645161155.jpg__dry_green_g,68.5838
ID1645161155.jpg__GDM_g,2666.6666666666665
ID1645161155.jpg__dry_total_g,71.91845
ID1655778545.jpg__dry_clover_g,2.311
ID1655778545.jpg__dry_dead_g,42.39859939519338
ID1655778545.jpg__dry_green_g,65.88475
ID1655778545.jpg__GDM_g,2666.6666666666665
ID1655778545.jpg__dry_total_g,58.09075
ID1665142816.jpg__dry_clover_g,3.23455
ID1665142816.jpg__dry_dead_g,32.04667502567508
ID1665142816.jpg__dry_green_g,95.10159999999999
ID1665142816.jpg__GDM_g,2666.6666666666665
ID1665142816.jpg__dry_total_g,95.60334999999999
ID1667778338.jpg__dry_clover_g,0.99425
ID1667778338.jpg__dry_dead_g,36.44428107179686
ID1667778338.jpg__dry_green_g,92.0478
ID1667778338.jpg__GDM_g,2666.6666666666665
ID1667778338.jpg__dry_total_g,89.1186
ID1671844336.jpg__dry_clover_g,4.458150000000001
ID1671844336.jpg__dry_dead_g,28.79271482545936
ID1671844336.jpg__dry_green_g,80.14535000000001
ID1671844336.jpg__GDM_g,2666.6666666666665
ID1671844336.jpg__dry_total_g,62.52845
ID1675365449.jpg__dry_clover_g,0.3211
ID1675365449.jpg__dry_dead_g,13.859633463471463
ID1675365449.jpg__dry_green_g,97.72985
ID1675365449.jpg__GDM_g,2666.6666666666665
ID1675365449.jpg__dry_total_g,96.4195
ID1680597197.jpg__dry_clover_g,3.5461
ID1680597197.jpg__dry_dead_g,54.46525376612006
ID1680597197.jpg__dry_green_g,67.71235
ID1680597197.jpg__GDM_g,2666.6666666666665
ID1680597197.jpg__dry_total_g,65.80985
ID1692894460.jpg__dry_clover_g,21.75145
ID1692894460.jpg__dry_dead_g,36.90132205775207
ID1692894460.jpg__dry_green_g,77.21464999999999
ID1692894460.jpg__GDM_g,2666.6666666666665
ID1692894460.jpg__dry_total_g,78.3368
ID1693880739.jpg__dry_clover_g,3.4019
ID1693880739.jpg__dry_dead_g,8.119718053524439
ID1693880739.jpg__dry_green_g,97.21594999999999
ID1693880739.jpg__GDM_g,2666.6666666666665
ID1693880739.jpg__dry_total_g,90.87395000000001
ID1703304524.jpg__dry_clover_g,4.1741
ID1703304524.jpg__dry_dead_g,36.26629675149412
ID1703304524.jpg__dry_green_g,96.1682
ID1703304524.jpg__GDM_g,2666.6666666666665
ID1703304524.jpg__dry_total_g,98.4106
ID1717006117.jpg__dry_clover_g,15.099950000000002
ID1717006117.jpg__dry_dead_g,85.54147173640581
ID1717006117.jpg__dry_green_g,37.4221
ID1717006117.jpg__GDM_g,2666.6666666666665
ID1717006117.jpg__dry_total_g,49.68845
ID1729002155.jpg__dry_clover_g,16.70735
ID1729002155.jpg__dry_dead_g,84.49853075360811
ID1729002155.jpg__dry_green_g,39.679700000000004
ID1729002155.jpg__GDM_g,2666.6666666666665
ID1729002155.jpg__dry_total_g,41.812850000000005
ID1746343319.jpg__dry_clover_g,63.195
ID1746343319.jpg__dry_dead_g,95.50155677208836
ID1746343319.jpg__dry_green_g,10.74395
ID1746343319.jpg__GDM_g,2666.6666666666665
ID1746343319.jpg__dry_total_g,12.894549999999999
ID1753847361.jpg__dry_clover_g,0.08535
ID1753847361.jpg__dry_dead_g,3.6135114711794007
ID1753847361.jpg__dry_green_g,98.18679999999999
ID1753847361.jpg__GDM_g,2666.6666666666665
ID1753847361.jpg__dry_total_g,96.8978
ID1761544403.jpg__dry_clover_g,6.02565
ID1761544403.jpg__dry_dead_g,30.86220782482853
ID1761544403.jpg__dry_green_g,52.865300000000005
ID1761544403.jpg__GDM_g,2666.6666666666665
ID1761544403.jpg__dry_total_g,42.4001
ID1781353117.jpg__dry_clover_g,1.64405
ID1781353117.jpg__dry_dead_g,42.455834274235606
ID1781353117.jpg__dry_green_g,76.51575000000001
ID1781353117.jpg__GDM_g,2666.6666666666665
ID1781353117.jpg__dry_total_g,73.49385000000001
ID1782509721.jpg__dry_clover_g,15.525549999999999
ID1782509721.jpg__dry_dead_g,84.10655066083567
ID1782509721.jpg__dry_green_g,41.89455
ID1782509721.jpg__GDM_g,2666.6666666666665
ID1782509721.jpg__dry_total_g,45.03105
ID1782608354.jpg__dry_clover_g,3.35665
ID1782608354.jpg__dry_dead_g,41.03367616833407
ID1782608354.jpg__dry_green_g,94.76755
ID1782608354.jpg__GDM_g,2666.6666666666665
ID1782608354.jpg__dry_total_g,92.85365
ID1783499590.jpg__dry_clover_g,6.5832500000000005
ID1783499590.jpg__dry_dead_g,41.84193694316719
ID1783499590.jpg__dry_green_g,75.45735
ID1783499590.jpg__GDM_g,2666.6666666666665
ID1783499590.jpg__dry_total_g,69.1559
ID1784585001.jpg__dry_clover_g,16.556199999999997
ID1784585001.jpg__dry_dead_g,45.63636877845193
ID1784585001.jpg__dry_green_g,93.5908
ID1784585001.jpg__GDM_g,2666.6666666666665
ID1784585001.jpg__dry_total_g,95.96000000000001
ID1789265307.jpg__dry_clover_g,4.3508
ID1789265307.jpg__dry_dead_g,22.492738641151057
ID1789265307.jpg__dry_green_g,98.5128
ID1789265307.jpg__GDM_g,2666.6666666666665
ID1789265307.jpg__dry_total_g,98.1223
ID1789834546.jpg__dry_clover_g,19.40735
ID1789834546.jpg__dry_dead_g,84.7729437916799
ID1789834546.jpg__dry_green_g,32.64995
ID1789834546.jpg__GDM_g,2666.6666666666665
ID1789834546.jpg__dry_total_g,41.11245
ID1789853061.jpg__dry_clover_g,0.13525
ID1789853061.jpg__dry_dead_g,25.082812887679566
ID1789853061.jpg__dry_green_g,96.48845
ID1789853061.jpg__GDM_g,2666.6666666666665
ID1789853061.jpg__dry_total_g,95.2684
ID1831254380.jpg__dry_clover_g,8.060599999999999
ID1831254380.jpg__dry_dead_g,26.78571156071569
ID1831254380.jpg__dry_green_g,94.36865
ID1831254380.jpg__GDM_g,2666.6666666666665
ID1831254380.jpg__dry_total_g,95.28545000000001
ID1839139621.jpg__dry_clover_g,0.145
ID1839139621.jpg__dry_dead_g,21.849070935220897
ID1839139621.jpg__dry_green_g,87.0904
ID1839139621.jpg__GDM_g,2666.6666666666665
ID1839139621.jpg__dry_total_g,78.8438
ID1853508321.jpg__dry_clover_g,1.4203000000000001
ID1853508321.jpg__dry_dead_g,16.098202254576528
ID1853508321.jpg__dry_green_g,48.19095
ID1853508321.jpg__GDM_g,2666.6666666666665
ID1853508321.jpg__dry_total_g,38.93275
ID1857489997.jpg__dry_clover_g,2.41415
ID1857489997.jpg__dry_dead_g,53.33639245920144
ID1857489997.jpg__dry_green_g,89.05635
ID1857489997.jpg__GDM_g,2666.6666666666665
ID1857489997.jpg__dry_total_g,90.4629
ID1859251563.jpg__dry_clover_g,1.24725
ID1859251563.jpg__dry_dead_g,19.31413750962537
ID1859251563.jpg__dry_green_g,79.02875
ID1859251563.jpg__GDM_g,2666.6666666666665
ID1859251563.jpg__dry_total_g,71.30095
ID1859792585.jpg__dry_clover_g,6.1918500000000005
ID1859792585.jpg__dry_dead_g,63.85334351636819
ID1859792585.jpg__dry_green_g,60.8817
ID1859792585.jpg__GDM_g,2666.6666666666665
ID1859792585.jpg__dry_total_g,61.67275
ID1868719645.jpg__dry_clover_g,0.8328500000000001
ID1868719645.jpg__dry_dead_g,6.561995200466043
ID1868719645.jpg__dry_green_g,96.6426
ID1868719645.jpg__GDM_g,2666.6666666666665
ID1868719645.jpg__dry_total_g,94.55415
ID187238869.jpg__dry_clover_g,2.8531999999999997
ID187238869.jpg__dry_dead_g,53.13632868285181
ID187238869.jpg__dry_green_g,91.9597
ID187238869.jpg__GDM_g,2666.6666666666665
ID187238869.jpg__dry_total_g,96.0063
ID1874904894.jpg__dry_clover_g,10.6665
ID1874904894.jpg__dry_dead_g,98.09152873512153
ID1874904894.jpg__dry_green_g,6.02245
ID1874904894.jpg__GDM_g,2666.6666666666665
ID1874904894.jpg__dry_total_g,8.9674
ID1876271942.jpg__dry_clover_g,5.38435
ID1876271942.jpg__dry_dead_g,62.58381962950194
ID1876271942.jpg__dry_green_g,74.17190000000001
ID1876271942.jpg__GDM_g,2666.6666666666665
ID1876271942.jpg__dry_total_g,79.61200000000001
ID1880764911.jpg__dry_clover_g,3.5589500000000003
ID1880764911.jpg__dry_dead_g,59.735410361122
ID1880764911.jpg__dry_green_g,50.024
ID1880764911.jpg__GDM_g,2666.6666666666665
ID1880764911.jpg__dry_total_g,47.9715
ID1888700589.jpg__dry_clover_g,5.233750000000001
ID1888700589.jpg__dry_dead_g,40.85975690108497
ID1888700589.jpg__dry_green_g,73.76945
ID1888700589.jpg__GDM_g,2666.6666666666665
ID1888700589.jpg__dry_total_g,70.5898
ID1889150649.jpg__dry_clover_g,5.74535
ID1889150649.jpg__dry_dead_g,86.7528958292508
ID1889150649.jpg__dry_green_g,12.09075
ID1889150649.jpg__GDM_g,2666.6666666666665
ID1889150649.jpg__dry_total_g,9.99195
ID1894998379.jpg__dry_clover_g,34.323550000000004
ID1894998379.jpg__dry_dead_g,90.83558920645747
ID1894998379.jpg__dry_green_g,21.78445
ID1894998379.jpg__GDM_g,2666.6666666666665
ID1894998379.jpg__dry_total_g,27.7988
ID1899025384.jpg__dry_clover_g,3.85545
ID1899025384.jpg__dry_dead_g,70.61011054626236
ID1899025384.jpg__dry_green_g,74.75359999999999
ID1899025384.jpg__GDM_g,2666.6666666666665
ID1899025384.jpg__dry_total_g,78.91175
ID1920959057.jpg__dry_clover_g,1.0336
ID1920959057.jpg__dry_dead_g,31.675803770011097
ID1920959057.jpg__dry_green_g,94.1164
ID1920959057.jpg__GDM_g,2666.6666666666665
ID1920959057.jpg__dry_total_g,93.5783
ID193102215.jpg__dry_clover_g,1.1974
ID193102215.jpg__dry_dead_g,13.928605160541691
ID193102215.jpg__dry_green_g,57.00005
ID193102215.jpg__GDM_g,2666.6666666666665
ID193102215.jpg__dry_total_g,36.4077
ID1946311744.jpg__dry_clover_g,0.42319999999999997
ID1946311744.jpg__dry_dead_g,7.602031291410352
ID1946311744.jpg__dry_green_g,98.88485
ID1946311744.jpg__GDM_g,2666.6666666666665
ID1946311744.jpg__dry_total_g,98.05595
ID194823383.jpg__dry_clover_g,4.0233
ID194823383.jpg__dry_dead_g,29.773669833566192
ID194823383.jpg__dry_green_g,80.09994999999999
ID194823383.jpg__GDM_g,2666.6666666666665
ID194823383.jpg__dry_total_g,77.47840000000001
ID1948354837.jpg__dry_clover_g,1.6865
ID1948354837.jpg__dry_dead_g,43.36605049314939
ID1948354837.jpg__dry_green_g,71.85255000000001
ID1948354837.jpg__GDM_g,2666.6666666666665
ID1948354837.jpg__dry_total_g,68.87335
ID1952813879.jpg__dry_clover_g,25.0735
ID1952813879.jpg__dry_dead_g,55.50241984403298
ID1952813879.jpg__dry_green_g,66.18225
ID1952813879.jpg__GDM_g,2666.6666666666665
ID1952813879.jpg__dry_total_g,56.4103
ID1953171547.jpg__dry_clover_g,13.580200000000001
ID1953171547.jpg__dry_dead_g,72.20231790640547
ID1953171547.jpg__dry_green_g,39.7082
ID1953171547.jpg__GDM_g,2666.6666666666665
ID1953171547.jpg__dry_total_g,38.408750000000005
ID1953218650.jpg__dry_clover_g,28.5798
ID1953218650.jpg__dry_dead_g,86.45276319835928
ID1953218650.jpg__dry_green_g,49.7235
ID1953218650.jpg__GDM_g,2666.6666666666665
ID1953218650.jpg__dry_total_g,67.88705
ID1954669045.jpg__dry_clover_g,1.35935
ID1954669045.jpg__dry_dead_g,16.0862495481589
ID1954669045.jpg__dry_green_g,87.94725
ID1954669045.jpg__GDM_g,2666.6666666666665
ID1954669045.jpg__dry_total_g,76.8769
ID1962197151.jpg__dry_clover_g,1.4773
ID1962197151.jpg__dry_dead_g,30.050533438616974
ID1962197151.jpg__dry_green_g,48.52725
ID1962197151.jpg__GDM_g,2666.6666666666665
ID1962197151.jpg__dry_total_g,23.0694
ID1962379474.jpg__dry_clover_g,38.699099999999994
ID1962379474.jpg__dry_dead_g,92.78171730792312
ID1962379474.jpg__dry_green_g,48.2767
ID1962379474.jpg__GDM_g,2666.6666666666665
ID1962379474.jpg__dry_total_g,68.46195
ID1963715583.jpg__dry_clover_g,0.7314
ID1963715583.jpg__dry_dead_g,69.61082808307961
ID1963715583.jpg__dry_green_g,3.47
ID1963715583.jpg__GDM_g,2666.6666666666665
ID1963715583.jpg__dry_total_g,1.2031999999999998
ID196516535.jpg__dry_clover_g,7.1908
ID196516535.jpg__dry_dead_g,68.03965810523948
ID196516535.jpg__dry_green_g,40.646
ID196516535.jpg__GDM_g,2666.6666666666665
ID196516535.jpg__dry_total_g,37.951950000000004
ID1970522802.jpg__dry_clover_g,3.5555499999999998
ID1970522802.jpg__dry_dead_g,52.27230500808505
ID1970522802.jpg__dry_green_g,49.73565
ID1970522802.jpg__GDM_g,2666.6666666666665
ID1970522802.jpg__dry_total_g,35.76145
ID1976436386.jpg__dry_clover_g,9.5175
ID1976436386.jpg__dry_dead_g,78.34089865403861
ID1976436386.jpg__dry_green_g,38.598749999999995
ID1976436386.jpg__GDM_g,2666.6666666666665
ID1976436386.jpg__dry_total_g,47.42115
ID1980675327.jpg__dry_clover_g,3.26285
ID1980675327.jpg__dry_dead_g,73.29044077099806
ID1980675327.jpg__dry_green_g,61.604499999999994
ID1980675327.jpg__GDM_g,2666.6666666666665
ID1980675327.jpg__dry_total_g,68.322
ID1982662138.jpg__dry_clover_g,0.77855
ID1982662138.jpg__dry_dead_g,7.5524380991004625
ID1982662138.jpg__dry_green_g,65.3314
ID1982662138.jpg__GDM_g,2666.6666666666665
ID1982662138.jpg__dry_total_g,43.751
ID1988033238.jpg__dry_clover_g,6.73005
ID1988033238.jpg__dry_dead_g,37.27194290609723
ID1988033238.jpg__dry_green_g,73.06085
ID1988033238.jpg__GDM_g,2666.6666666666665
ID1988033238.jpg__dry_total_g,70.3946
ID1989506559.jpg__dry_clover_g,2.3443
ID1989506559.jpg__dry_dead_g,26.277603480053568
ID1989506559.jpg__dry_green_g,93.9272
ID1989506559.jpg__GDM_g,2666.6666666666665
ID1989506559.jpg__dry_total_g,93.43745
ID1993907137.jpg__dry_clover_g,4.5809999999999995
ID1993907137.jpg__dry_dead_g,77.80777638291269
ID1993907137.jpg__dry_green_g,44.9782
ID1993907137.jpg__GDM_g,2666.6666666666665
ID1993907137.jpg__dry_total_g,48.51235
ID1997244125.jpg__dry_clover_g,13.5292
ID1997244125.jpg__dry_dead_g,87.85680219387146
ID1997244125.jpg__dry_green_g,26.2248
ID1997244125.jpg__GDM_g,2666.6666666666665
ID1997244125.jpg__dry_total_g,30.99015
ID2002797732.jpg__dry_clover_g,8.558300000000001
ID2002797732.jpg__dry_dead_g,41.68204375408481
ID2002797732.jpg__dry_green_g,90.33965
ID2002797732.jpg__GDM_g,2666.6666666666665
ID2002797732.jpg__dry_total_g,93.23515
ID2003438517.jpg__dry_clover_g,1.80955
ID2003438517.jpg__dry_dead_g,20.300346455150585
ID2003438517.jpg__dry_green_g,89.7855
ID2003438517.jpg__GDM_g,2666.6666666666665
ID2003438517.jpg__dry_total_g,87.5543
ID2006686196.jpg__dry_clover_g,13.441849999999999
ID2006686196.jpg__dry_dead_g,90.7286623807226
ID2006686196.jpg__dry_green_g,28.78185
ID2006686196.jpg__GDM_g,2666.6666666666665
ID2006686196.jpg__dry_total_g,38.0702
ID2010625680.jpg__dry_clover_g,1.27815
ID2010625680.jpg__dry_dead_g,16.43800657824827
ID2010625680.jpg__dry_green_g,65.1589
ID2010625680.jpg__GDM_g,2666.6666666666665
ID2010625680.jpg__dry_total_g,54.48225
ID2014192906.jpg__dry_clover_g,9.52885
ID2014192906.jpg__dry_dead_g,46.036215763589894
ID2014192906.jpg__dry_green_g,63.85225
ID2014192906.jpg__GDM_g,2666.6666666666665
ID2014192906.jpg__dry_total_g,43.08095
ID2030696575.jpg__dry_clover_g,76.9547
ID2030696575.jpg__dry_dead_g,95.03514658970535
ID2030696575.jpg__dry_green_g,13.87275
ID2030696575.jpg__GDM_g,2666.6666666666665
ID2030696575.jpg__dry_total_g,17.846149999999998
ID2037861084.jpg__dry_clover_g,0.87615
ID2037861084.jpg__dry_dead_g,16.410329210171916
ID2037861084.jpg__dry_green_g,77.79645
ID2037861084.jpg__GDM_g,2666.6666666666665
ID2037861084.jpg__dry_total_g,53.107150000000004
ID2048645043.jpg__dry_clover_g,5.63975
ID2048645043.jpg__dry_dead_g,28.55592608790728
ID2048645043.jpg__dry_green_g,87.1989
ID2048645043.jpg__GDM_g,2666.6666666666665
ID2048645043.jpg__dry_total_g,85.96165
ID2052442675.jpg__dry_clover_g,54.813599999999994
ID2052442675.jpg__dry_dead_g,75.49671965355392
ID2052442675.jpg__dry_green_g,30.4106
ID2052442675.jpg__GDM_g,2666.6666666666665
ID2052442675.jpg__dry_total_g,30.149900000000002
ID2052993274.jpg__dry_clover_g,3.4515
ID2052993274.jpg__dry_dead_g,31.038979981866298
ID2052993274.jpg__dry_green_g,88.20949999999999
ID2052993274.jpg__GDM_g,2666.6666666666665
ID2052993274.jpg__dry_total_g,88.09740000000001
ID2053315094.jpg__dry_clover_g,3.1870000000000003
ID2053315094.jpg__dry_dead_g,80.2229802247341
ID2053315094.jpg__dry_green_g,59.8919
ID2053315094.jpg__GDM_g,2666.6666666666665
ID2053315094.jpg__dry_total_g,68.48055
ID2056023629.jpg__dry_clover_g,6.5337000000000005
ID2056023629.jpg__dry_dead_g,53.25966203028179
ID2056023629.jpg__dry_green_g,66.5163
ID2056023629.jpg__GDM_g,2666.6666666666665
ID2056023629.jpg__dry_total_g,67.83815
ID2056982009.jpg__dry_clover_g,5.826350000000001
ID2056982009.jpg__dry_dead_g,40.346224067739094
ID2056982009.jpg__dry_green_g,91.84
ID2056982009.jpg__GDM_g,2666.6666666666665
ID2056982009.jpg__dry_total_g,95.3176
ID2069766023.jpg__dry_clover_g,16.1331
ID2069766023.jpg__dry_dead_g,84.74552448539808
ID2069766023.jpg__dry_green_g,30.134149999999998
ID2069766023.jpg__GDM_g,2666.6666666666665
ID2069766023.jpg__dry_total_g,34.9223
ID2086966681.jpg__dry_clover_g,2.20535
ID2086966681.jpg__dry_dead_g,95.2459378003719
ID2086966681.jpg__dry_green_g,17.5212
ID2086966681.jpg__GDM_g,2666.6666666666665
ID2086966681.jpg__dry_total_g,23.23085
ID2089023774.jpg__dry_clover_g,0.5831000000000001
ID2089023774.jpg__dry_dead_g,11.303189057264031
ID2089023774.jpg__dry_green_g,98.66375
ID2089023774.jpg__GDM_g,2666.6666666666665
ID2089023774.jpg__dry_total_g,98.0551
ID2091439402.jpg__dry_clover_g,29.004
ID2091439402.jpg__dry_dead_g,44.609693744939975
ID2091439402.jpg__dry_green_g,85.11605
ID2091439402.jpg__GDM_g,2666.6666666666665
ID2091439402.jpg__dry_total_g,87.58455000000001
ID2096636211.jpg__dry_clover_g,17.615949999999998
ID2096636211.jpg__dry_dead_g,94.87353741515545
ID2096636211.jpg__dry_green_g,11.8703
ID2096636211.jpg__GDM_g,2666.6666666666665
ID2096636211.jpg__dry_total_g,16.82545
ID2099464826.jpg__dry_clover_g,8.2972
ID2099464826.jpg__dry_dead_g,54.63223524444791
ID2099464826.jpg__dry_green_g,67.1246
ID2099464826.jpg__GDM_g,2666.6666666666665
ID2099464826.jpg__dry_total_g,67.57845
ID2099742797.jpg__dry_clover_g,0.43784999999999996
ID2099742797.jpg__dry_dead_g,27.807056712162908
ID2099742797.jpg__dry_green_g,93.7753
ID2099742797.jpg__GDM_g,2666.6666666666665
ID2099742797.jpg__dry_total_g,91.45875
ID210865340.jpg__dry_clover_g,9.91475
ID210865340.jpg__dry_dead_g,64.16715782770106
ID210865340.jpg__dry_green_g,67.52805
ID210865340.jpg__GDM_g,2666.6666666666665
ID210865340.jpg__dry_total_g,76.05925
ID212206250.jpg__dry_clover_g,4.03055
ID212206250.jpg__dry_dead_g,67.87849900893178
ID212206250.jpg__dry_green_g,24.83955
ID212206250.jpg__GDM_g,2666.6666666666665
ID212206250.jpg__dry_total_g,21.0037
ID212206832.jpg__dry_clover_g,7.1667
ID212206832.jpg__dry_dead_g,39.90658016432603
ID212206832.jpg__dry_green_g,78.5855
ID212206832.jpg__GDM_g,2666.6666666666665
ID212206832.jpg__dry_total_g,76.5719
ID2125100696.jpg__dry_clover_g,0.22330000000000003
ID2125100696.jpg__dry_dead_g,33.020831096129996
ID2125100696.jpg__dry_green_g,86.91590000000001
ID2125100696.jpg__GDM_g,2666.6666666666665
ID2125100696.jpg__dry_total_g,83.3888
ID2131261930.jpg__dry_clover_g,5.95115
ID2131261930.jpg__dry_dead_g,64.85249835142322
ID2131261930.jpg__dry_green_g,71.85985000000001
ID2131261930.jpg__GDM_g,2666.6666666666665
ID2131261930.jpg__dry_total_g,82.8957
ID21377800.jpg__dry_clover_g,9.70245
ID21377800.jpg__dry_dead_g,59.67629497166066
ID21377800.jpg__dry_green_g,52.71785
ID21377800.jpg__GDM_g,2666.6666666666665
ID21377800.jpg__dry_total_g,51.50595
ID2145635095.jpg__dry_clover_g,2.6550000000000002
ID2145635095.jpg__dry_dead_g,52.01812410985374
ID2145635095.jpg__dry_green_g,72.2202
ID2145635095.jpg__GDM_g,2666.6666666666665
ID2145635095.jpg__dry_total_g,76.20515
ID227847873.jpg__dry_clover_g,8.75455
ID227847873.jpg__dry_dead_g,51.61132150324562
ID227847873.jpg__dry_green_g,89.804
ID227847873.jpg__GDM_g,2666.6666666666665
ID227847873.jpg__dry_total_g,95.53930000000001
ID230058600.jpg__dry_clover_g,6.9361999999999995
ID230058600.jpg__dry_dead_g,40.94543475302762
ID230058600.jpg__dry_green_g,74.77045
ID230058600.jpg__GDM_g,2666.6666666666665
ID230058600.jpg__dry_total_g,72.18525
ID249042826.jpg__dry_clover_g,14.5534
ID249042826.jpg__dry_dead_g,67.60104317403331
ID249042826.jpg__dry_green_g,44.6257
ID249042826.jpg__GDM_g,2666.6666666666665
ID249042826.jpg__dry_total_g,47.20375
ID257822026.jpg__dry_clover_g,27.133499999999998
ID257822026.jpg__dry_dead_g,94.06105274904763
ID257822026.jpg__dry_green_g,56.119699999999995
ID257822026.jpg__GDM_g,2666.6666666666665
ID257822026.jpg__dry_total_g,74.8781
ID290369222.jpg__dry_clover_g,0.0369
ID290369222.jpg__dry_dead_g,9.23310709290988
ID290369222.jpg__dry_green_g,84.40395000000001
ID290369222.jpg__GDM_g,2666.6666666666665
ID290369222.jpg__dry_total_g,73.61370000000001
ID294150104.jpg__dry_clover_g,4.48935
ID294150104.jpg__dry_dead_g,44.566704230542975
ID294150104.jpg__dry_green_g,97.1916
ID294150104.jpg__GDM_g,2666.6666666666665
ID294150104.jpg__dry_total_g,98.1212
ID307060225.jpg__dry_clover_g,4.8601
ID307060225.jpg__dry_dead_g,85.72428199132445
ID307060225.jpg__dry_green_g,39.0655
ID307060225.jpg__GDM_g,2666.6666666666665
ID307060225.jpg__dry_total_g,47.18565
ID315357834.jpg__dry_clover_g,0.9693
ID315357834.jpg__dry_dead_g,7.248159744638678
ID315357834.jpg__dry_green_g,97.07305000000001
ID315357834.jpg__GDM_g,2666.6666666666665
ID315357834.jpg__dry_total_g,95.1411
ID317990700.jpg__dry_clover_g,10.40925
ID317990700.jpg__dry_dead_g,44.22191506330659
ID317990700.jpg__dry_green_g,73.61485
ID317990700.jpg__GDM_g,2666.6666666666665
ID317990700.jpg__dry_total_g,70.63925
ID325799913.jpg__dry_clover_g,16.136300000000002
ID325799913.jpg__dry_dead_g,97.09997978555485
ID325799913.jpg__dry_green_g,8.47725
ID325799913.jpg__GDM_g,2666.6666666666665
ID325799913.jpg__dry_total_g,13.156799999999999
ID332742639.jpg__dry_clover_g,17.803050000000002
ID332742639.jpg__dry_dead_g,46.49481443797332
ID332742639.jpg__dry_green_g,75.24340000000001
ID332742639.jpg__GDM_g,2666.6666666666665
ID332742639.jpg__dry_total_g,75.79735
ID342818398.jpg__dry_clover_g,2.2724
ID342818398.jpg__dry_dead_g,34.60868934873786
ID342818398.jpg__dry_green_g,95.31335
ID342818398.jpg__GDM_g,2666.6666666666665
ID342818398.jpg__dry_total_g,96.43555
ID344618040.jpg__dry_clover_g,9.76295
ID344618040.jpg__dry_dead_g,43.29717412365085
ID344618040.jpg__dry_green_g,59.22944999999999
ID344618040.jpg__GDM_g,2666.6666666666665
ID344618040.jpg__dry_total_g,35.8301
ID353424190.jpg__dry_clover_g,6.6554
ID353424190.jpg__dry_dead_g,82.61964616744267
ID353424190.jpg__dry_green_g,32.9704
ID353424190.jpg__GDM_g,2666.6666666666665
ID353424190.jpg__dry_total_g,35.13755
ID353997899.jpg__dry_clover_g,6.14825
ID353997899.jpg__dry_dead_g,44.70842332613391
ID353997899.jpg__dry_green_g,70.145
ID353997899.jpg__GDM_g,2666.6666666666665
ID353997899.jpg__dry_total_g,65.8092
ID354528442.jpg__dry_clover_g,11.457699999999999
ID354528442.jpg__dry_dead_g,61.40259883518048
ID354528442.jpg__dry_green_g,69.2296
ID354528442.jpg__GDM_g,2666.6666666666665
ID354528442.jpg__dry_total_g,76.7487
ID363069566.jpg__dry_clover_g,7.28115
ID363069566.jpg__dry_dead_g,75.17809124422814
ID363069566.jpg__dry_green_g,71.62915
ID363069566.jpg__GDM_g,2666.6666666666665
ID363069566.jpg__dry_total_g,81.09875
ID364856705.jpg__dry_clover_g,2.8337999999999997
ID364856705.jpg__dry_dead_g,10.488486323284214
ID364856705.jpg__dry_green_g,93.32495
ID364856705.jpg__GDM_g,2666.6666666666665
ID364856705.jpg__dry_total_g,78.81320000000001
ID380752847.jpg__dry_clover_g,1.9724499999999998
ID380752847.jpg__dry_dead_g,14.813298332766763
ID380752847.jpg__dry_green_g,92.77435
ID380752847.jpg__GDM_g,2666.6666666666665
ID380752847.jpg__dry_total_g,90.4029
ID383231615.jpg__dry_clover_g,21.381149999999998
ID383231615.jpg__dry_dead_g,42.08316485692992
ID383231615.jpg__dry_green_g,91.82464999999999
ID383231615.jpg__GDM_g,2666.6666666666665
ID383231615.jpg__dry_total_g,93.38175
ID384648061.jpg__dry_clover_g,0.9277000000000001
ID384648061.jpg__dry_dead_g,17.61448376259412
ID384648061.jpg__dry_green_g,85.46209999999999
ID384648061.jpg__GDM_g,2666.6666666666665
ID384648061.jpg__dry_total_g,80.54685
ID386216505.jpg__dry_clover_g,10.48355
ID386216505.jpg__dry_dead_g,81.76113764312201
ID386216505.jpg__dry_green_g,78.72455000000001
ID386216505.jpg__GDM_g,2666.6666666666665
ID386216505.jpg__dry_total_g,91.02095
ID397994621.jpg__dry_clover_g,0.6082
ID397994621.jpg__dry_dead_g,11.335555533721113
ID397994621.jpg__dry_green_g,90.61045
ID397994621.jpg__GDM_g,2666.6666666666665
ID397994621.jpg__dry_total_g,75.07705
ID407646960.jpg__dry_clover_g,4.8439000000000005
ID407646960.jpg__dry_dead_g,79.24270453849755
ID407646960.jpg__dry_green_g,47.2716
ID407646960.jpg__GDM_g,2666.6666666666665
ID407646960.jpg__dry_total_g,55.32275
ID40849327.jpg__dry_clover_g,3.69305
ID40849327.jpg__dry_dead_g,30.990422633374752
ID40849327.jpg__dry_green_g,92.0065
ID40849327.jpg__GDM_g,2666.6666666666665
ID40849327.jpg__dry_total_g,89.0488
ID415656958.jpg__dry_clover_g,11.35785
ID415656958.jpg__dry_dead_g,37.35083036501983
ID415656958.jpg__dry_green_g,73.73775
ID415656958.jpg__GDM_g,2666.6666666666665
ID415656958.jpg__dry_total_g,53.29855
ID423506847.jpg__dry_clover_g,0.5467
ID423506847.jpg__dry_dead_g,28.486047721470293
ID423506847.jpg__dry_green_g,90.5475
ID423506847.jpg__GDM_g,2666.6666666666665
ID423506847.jpg__dry_total_g,88.8271
ID429799190.jpg__dry_clover_g,9.1112
ID429799190.jpg__dry_dead_g,97.22171519593414
ID429799190.jpg__dry_green_g,14.662049999999999
ID429799190.jpg__GDM_g,2666.6666666666665
ID429799190.jpg__dry_total_g,23.41865
ID431471530.jpg__dry_clover_g,0.90515
ID431471530.jpg__dry_dead_g,9.984622241049129
ID431471530.jpg__dry_green_g,71.45615
ID431471530.jpg__GDM_g,2666.6666666666665
ID431471530.jpg__dry_total_g,37.3354
ID443091455.jpg__dry_clover_g,10.423250000000001
ID443091455.jpg__dry_dead_g,62.955643562582175
ID443091455.jpg__dry_green_g,59.828
ID443091455.jpg__GDM_g,2666.6666666666665
ID443091455.jpg__dry_total_g,62.88865
ID4464212.jpg__dry_clover_g,0.11595
ID4464212.jpg__dry_dead_g,15.530306655355139
ID4464212.jpg__dry_green_g,91.51169999999999
ID4464212.jpg__GDM_g,2666.6666666666665
ID4464212.jpg__dry_total_g,83.86200000000001
ID471758347.jpg__dry_clover_g,0.40664999999999996
ID471758347.jpg__dry_dead_g,44.89601487793406
ID471758347.jpg__dry_green_g,91.88159999999999
ID471758347.jpg__GDM_g,2666.6666666666665
ID471758347.jpg__dry_total_g,89.87
ID473494649.jpg__dry_clover_g,8.51045
ID473494649.jpg__dry_dead_g,63.13472845336058
ID473494649.jpg__dry_green_g,34.4331
ID473494649.jpg__GDM_g,2666.6666666666665
ID473494649.jpg__dry_total_g,29.40215
ID475010202.jpg__dry_clover_g,2.59875
ID475010202.jpg__dry_dead_g,17.732901944915604
ID475010202.jpg__dry_green_g,76.59975
ID475010202.jpg__GDM_g,2666.6666666666665
ID475010202.jpg__dry_total_g,71.55935
ID482555369.jpg__dry_clover_g,4.47035
ID482555369.jpg__dry_dead_g,73.58330540412987
ID482555369.jpg__dry_green_g,18.682499999999997
ID482555369.jpg__GDM_g,2666.6666666666665
ID482555369.jpg__dry_total_g,8.536050000000001
ID48303557.jpg__dry_clover_g,0.7353000000000001
ID48303557.jpg__dry_dead_g,27.962644639475304
ID48303557.jpg__dry_green_g,86.787
ID48303557.jpg__GDM_g,2666.6666666666665
ID48303557.jpg__dry_total_g,83.047
ID488873801.jpg__dry_clover_g,4.34725
ID488873801.jpg__dry_dead_g,61.01657226080208
ID488873801.jpg__dry_green_g,59.46135
ID488873801.jpg__GDM_g,2666.6666666666665
ID488873801.jpg__dry_total_g,59.28355
ID490139972.jpg__dry_clover_g,0.29535
ID490139972.jpg__dry_dead_g,18.118600369218516
ID490139972.jpg__dry_green_g,87.27185
ID490139972.jpg__GDM_g,2666.6666666666665
ID490139972.jpg__dry_total_g,74.88669999999999
ID498304885.jpg__dry_clover_g,5.49135
ID498304885.jpg__dry_dead_g,37.73838528646398
ID498304885.jpg__dry_green_g,68.5067
ID498304885.jpg__GDM_g,2666.6666666666665
ID498304885.jpg__dry_total_g,66.9426
ID50027657.jpg__dry_clover_g,0.4808
ID50027657.jpg__dry_dead_g,24.16273548806607
ID50027657.jpg__dry_green_g,95.08250000000001
ID50027657.jpg__GDM_g,2666.6666666666665
ID50027657.jpg__dry_total_g,92.91785
ID520514019.jpg__dry_clover_g,1.1774
ID520514019.jpg__dry_dead_g,15.599795381234975
ID520514019.jpg__dry_green_g,95.56795
ID520514019.jpg__GDM_g,2666.6666666666665
ID520514019.jpg__dry_total_g,91.2193
ID528010569.jpg__dry_clover_g,0.2754
ID528010569.jpg__dry_dead_g,18.453476037087484
ID528010569.jpg__dry_green_g,93.29245
ID528010569.jpg__GDM_g,2666.6666666666665
ID528010569.jpg__dry_total_g,90.7841
ID529933668.jpg__dry_clover_g,7.0032499999999995
ID529933668.jpg__dry_dead_g,46.60401569023787
ID529933668.jpg__dry_green_g,91.75545000000001
ID529933668.jpg__GDM_g,2666.6666666666665
ID529933668.jpg__dry_total_g,93.64435
ID534966093.jpg__dry_clover_g,0.52935
ID534966093.jpg__dry_dead_g,40.11203152735757
ID534966093.jpg__dry_green_g,89.68334999999999
ID534966093.jpg__GDM_g,2666.6666666666665
ID534966093.jpg__dry_total_g,84.62305
ID54128926.jpg__dry_clover_g,13.53705
ID54128926.jpg__dry_dead_g,84.8416388151303
ID54128926.jpg__dry_green_g,84.614
ID54128926.jpg__GDM_g,2666.6666666666665
ID54128926.jpg__dry_total_g,93.83194999999999
ID544444725.jpg__dry_clover_g,5.3096
ID544444725.jpg__dry_dead_g,59.955725003074654
ID544444725.jpg__dry_green_g,78.6583
ID544444725.jpg__GDM_g,2666.6666666666665
ID544444725.jpg__dry_total_g,78.59875
ID545360459.jpg__dry_clover_g,5.3971
ID545360459.jpg__dry_dead_g,82.70526131143588
ID545360459.jpg__dry_green_g,82.1071
ID545360459.jpg__GDM_g,2666.6666666666665
ID545360459.jpg__dry_total_g,85.23885
ID550623196.jpg__dry_clover_g,4.38015
ID550623196.jpg__dry_dead_g,36.655001509389365
ID550623196.jpg__dry_green_g,71.53399999999999
ID550623196.jpg__GDM_g,2666.6666666666665
ID550623196.jpg__dry_total_g,42.819
ID552040066.jpg__dry_clover_g,15.35495
ID552040066.jpg__dry_dead_g,77.58032024122066
ID552040066.jpg__dry_green_g,34.21085
ID552040066.jpg__GDM_g,2666.6666666666665
ID552040066.jpg__dry_total_g,28.2292
ID554314721.jpg__dry_clover_g,3.6431999999999998
ID554314721.jpg__dry_dead_g,43.83083003467051
ID554314721.jpg__dry_green_g,63.1012
ID554314721.jpg__GDM_g,2666.6666666666665
ID554314721.jpg__dry_total_g,64.00869999999999
ID560946727.jpg__dry_clover_g,2.483
ID560946727.jpg__dry_dead_g,73.71430343017066
ID560946727.jpg__dry_green_g,80.95365
ID560946727.jpg__GDM_g,2666.6666666666665
ID560946727.jpg__dry_total_g,88.70805
ID566966892.jpg__dry_clover_g,4.5379000000000005
ID566966892.jpg__dry_dead_g,36.33196483487133
ID566966892.jpg__dry_green_g,88.1608
ID566966892.jpg__GDM_g,2666.6666666666665
ID566966892.jpg__dry_total_g,90.72225
ID567744300.jpg__dry_clover_g,0.79855
ID567744300.jpg__dry_dead_g,14.578675483320435
ID567744300.jpg__dry_green_g,58.69955
ID567744300.jpg__GDM_g,2666.6666666666665
ID567744300.jpg__dry_total_g,40.644999999999996
ID572336285.jpg__dry_clover_g,17.928649999999998
ID572336285.jpg__dry_dead_g,75.1568244116355
ID572336285.jpg__dry_green_g,61.2441
ID572336285.jpg__GDM_g,2666.6666666666665
ID572336285.jpg__dry_total_g,76.26180000000001
ID574213894.jpg__dry_clover_g,1.24045
ID574213894.jpg__dry_dead_g,10.874043139831585
ID574213894.jpg__dry_green_g,98.69725
ID574213894.jpg__GDM_g,2666.6666666666665
ID574213894.jpg__dry_total_g,98.47695
ID576137678.jpg__dry_clover_g,4.3613
ID576137678.jpg__dry_dead_g,39.02868749455025
ID576137678.jpg__dry_green_g,42.94375
ID576137678.jpg__GDM_g,2666.6666666666665
ID576137678.jpg__dry_total_g,23.11025
ID576621307.jpg__dry_clover_g,4.41335
ID576621307.jpg__dry_dead_g,26.45359994815915
ID576621307.jpg__dry_green_g,77.83065
ID576621307.jpg__GDM_g,2666.6666666666665
ID576621307.jpg__dry_total_g,72.96345
ID577112774.jpg__dry_clover_g,5.4672
ID577112774.jpg__dry_dead_g,61.32405351288499
ID577112774.jpg__dry_green_g,32.9546
ID577112774.jpg__GDM_g,2666.6666666666665
ID577112774.jpg__dry_total_g,26.996750000000002
ID587125778.jpg__dry_clover_g,1.9754500000000002
ID587125778.jpg__dry_dead_g,91.40609162224636
ID587125778.jpg__dry_green_g,24.07855
ID587125778.jpg__GDM_g,2666.6666666666665
ID587125778.jpg__dry_total_g,29.05085
ID588120964.jpg__dry_clover_g,4.1637
ID588120964.jpg__dry_dead_g,66.36666999329765
ID588120964.jpg__dry_green_g,74.27425
ID588120964.jpg__GDM_g,2666.6666666666665
ID588120964.jpg__dry_total_g,80.5119
ID600602588.jpg__dry_clover_g,0.19835
ID600602588.jpg__dry_dead_g,39.76531886305803
ID600602588.jpg__dry_green_g,92.8092
ID600602588.jpg__GDM_g,2666.6666666666665
ID600602588.jpg__dry_total_g,90.10390000000001
ID605134229.jpg__dry_clover_g,4.6252
ID605134229.jpg__dry_dead_g,47.23025579832121
ID605134229.jpg__dry_green_g,67.90515
ID605134229.jpg__GDM_g,2666.6666666666665
ID605134229.jpg__dry_total_g,61.61015
ID610397481.jpg__dry_clover_g,5.44535
ID610397481.jpg__dry_dead_g,28.270894977282012
ID610397481.jpg__dry_green_g,76.62075
ID610397481.jpg__GDM_g,2666.6666666666665
ID610397481.jpg__dry_total_g,68.5393
ID617132135.jpg__dry_clover_g,40.7714
ID617132135.jpg__dry_dead_g,74.75892756926002
ID617132135.jpg__dry_green_g,29.273149999999998
ID617132135.jpg__GDM_g,2666.6666666666665
ID617132135.jpg__dry_total_g,29.637200000000004
ID61833032.jpg__dry_clover_g,3.49345
ID61833032.jpg__dry_dead_g,15.619487188593384
ID61833032.jpg__dry_green_g,86.1692
ID61833032.jpg__GDM_g,2666.6666666666665
ID61833032.jpg__dry_total_g,62.6594
ID6269659.jpg__dry_clover_g,16.135749999999998
ID6269659.jpg__dry_dead_g,52.851994299252766
ID6269659.jpg__dry_green_g,87.52879999999999
ID6269659.jpg__GDM_g,2666.6666666666665
ID6269659.jpg__dry_total_g,93.8843
ID629980789.jpg__dry_clover_g,1.5149
ID629980789.jpg__dry_dead_g,11.338344546023693
ID629980789.jpg__dry_green_g,97.78205
ID629980789.jpg__GDM_g,2666.6666666666665
ID629980789.jpg__dry_total_g,97.6426
ID633775166.jpg__dry_clover_g,43.4362
ID633775166.jpg__dry_dead_g,89.37901769449336
ID633775166.jpg__dry_green_g,17.81035
ID633775166.jpg__GDM_g,2666.6666666666665
ID633775166.jpg__dry_total_g,17.8235
ID638711343.jpg__dry_clover_g,3.1225
ID638711343.jpg__dry_dead_g,16.823974032558382
ID638711343.jpg__dry_green_g,91.8946
ID638711343.jpg__GDM_g,2666.6666666666665
ID638711343.jpg__dry_total_g,92.2704
ID656251220.jpg__dry_clover_g,26.74485
ID656251220.jpg__dry_dead_g,84.22570524638624
ID656251220.jpg__dry_green_g,59.96655
ID656251220.jpg__GDM_g,2666.6666666666665
ID656251220.jpg__dry_total_g,70.9034
ID657448172.jpg__dry_clover_g,4.7388
ID657448172.jpg__dry_dead_g,95.40625115646583
ID657448172.jpg__dry_green_g,13.91975
ID657448172.jpg__GDM_g,2666.6666666666665
ID657448172.jpg__dry_total_g,16.99185
ID661372352.jpg__dry_clover_g,3.4599499999999996
ID661372352.jpg__dry_dead_g,44.44026993049434
ID661372352.jpg__dry_green_g,27.58775
ID661372352.jpg__GDM_g,2666.6666666666665
ID661372352.jpg__dry_total_g,14.6592
ID661817669.jpg__dry_clover_g,0.6076
ID661817669.jpg__dry_dead_g,27.084171433683252
ID661817669.jpg__dry_green_g,92.93785
ID661817669.jpg__GDM_g,2666.6666666666665
ID661817669.jpg__dry_total_g,90.76855
ID663006174.jpg__dry_clover_g,19.6639
ID663006174.jpg__dry_dead_g,41.02077632512415
ID663006174.jpg__dry_green_g,67.5321
ID663006174.jpg__GDM_g,2666.6666666666665
ID663006174.jpg__dry_total_g,67.47615
ID667059550.jpg__dry_clover_g,0.11105
ID667059550.jpg__dry_dead_g,18.731869812145042
ID667059550.jpg__dry_green_g,93.2577
ID667059550.jpg__GDM_g,2666.6666666666665
ID667059550.jpg__dry_total_g,89.4548
ID668330410.jpg__dry_clover_g,3.0297
ID668330410.jpg__dry_dead_g,26.40730772030787
ID668330410.jpg__dry_green_g,94.1746
ID668330410.jpg__GDM_g,2666.6666666666665
ID668330410.jpg__dry_total_g,94.65715
ID668475812.jpg__dry_clover_g,1.56115
ID668475812.jpg__dry_dead_g,60.202196157857344
ID668475812.jpg__dry_green_g,66.88435
ID668475812.jpg__GDM_g,2666.6666666666665
ID668475812.jpg__dry_total_g,69.4223
ID670276799.jpg__dry_clover_g,8.4323
ID670276799.jpg__dry_dead_g,35.03881634032052
ID670276799.jpg__dry_green_g,67.3817
ID670276799.jpg__GDM_g,2666.6666666666665
ID670276799.jpg__dry_total_g,63.341899999999995
ID679913293.jpg__dry_clover_g,11.40435
ID679913293.jpg__dry_dead_g,59.83608161709204
ID679913293.jpg__dry_green_g,46.1299
ID679913293.jpg__GDM_g,2666.6666666666665
ID679913293.jpg__dry_total_g,33.027499999999996
ID681680726.jpg__dry_clover_g,4.44045
ID681680726.jpg__dry_dead_g,16.90496808982877
ID681680726.jpg__dry_green_g,71.76814999999999
ID681680726.jpg__GDM_g,2666.6666666666665
ID681680726.jpg__dry_total_g,58.250049999999995
ID684062938.jpg__dry_clover_g,6.11445
ID684062938.jpg__dry_dead_g,58.126468999340986
ID684062938.jpg__dry_green_g,68.31285
ID684062938.jpg__GDM_g,2666.6666666666665
ID684062938.jpg__dry_total_g,71.0428
ID684383343.jpg__dry_clover_g,13.471549999999999
ID684383343.jpg__dry_dead_g,91.62306780983825
ID684383343.jpg__dry_green_g,19.7924
ID684383343.jpg__GDM_g,2666.6666666666665
ID684383343.jpg__dry_total_g,25.962049999999998
ID686797154.jpg__dry_clover_g,3.67545
ID686797154.jpg__dry_dead_g,46.97969189800834
ID686797154.jpg__dry_green_g,90.59505
ID686797154.jpg__GDM_g,2666.6666666666665
ID686797154.jpg__dry_total_g,91.77595
ID697059386.jpg__dry_clover_g,2.34965
ID697059386.jpg__dry_dead_g,53.54417494190014
ID697059386.jpg__dry_green_g,56.91705
ID697059386.jpg__GDM_g,2666.6666666666665
ID697059386.jpg__dry_total_g,54.18730000000001
ID697718693.jpg__dry_clover_g,1.50665
ID697718693.jpg__dry_dead_g,24.641073046235324
ID697718693.jpg__dry_green_g,91.20655
ID697718693.jpg__GDM_g,2666.6666666666665
ID697718693.jpg__dry_total_g,88.41845
ID698608346.jpg__dry_clover_g,5.49735
ID698608346.jpg__dry_dead_g,64.06789251462615
ID698608346.jpg__dry_green_g,52.9655
ID698608346.jpg__GDM_g,2666.6666666666665
ID698608346.jpg__dry_total_g,51.64245
ID706288721.jpg__dry_clover_g,2.8886499999999997
ID706288721.jpg__dry_dead_g,48.7645172646054
ID706288721.jpg__dry_green_g,89.8783
ID706288721.jpg__GDM_g,2666.6666666666665
ID706288721.jpg__dry_total_g,93.78105
ID710341728.jpg__dry_clover_g,0.2541
ID710341728.jpg__dry_dead_g,11.003998079195421
ID710341728.jpg__dry_green_g,95.4401
ID710341728.jpg__GDM_g,2666.6666666666665
ID710341728.jpg__dry_total_g,90.12205
ID71885430.jpg__dry_clover_g,2.9678
ID71885430.jpg__dry_dead_g,50.39526545949114
ID71885430.jpg__dry_green_g,67.74470000000001
ID71885430.jpg__GDM_g,2666.6666666666665
ID71885430.jpg__dry_total_g,65.46955
ID72895391.jpg__dry_clover_g,3.9143999999999997
ID72895391.jpg__dry_dead_g,27.411915357600193
ID72895391.jpg__dry_green_g,96.68335
ID72895391.jpg__GDM_g,2666.6666666666665
ID72895391.jpg__dry_total_g,97.75065
ID740402124.jpg__dry_clover_g,0.15605
ID740402124.jpg__dry_dead_g,27.814852406105285
ID740402124.jpg__dry_green_g,93.04985
ID740402124.jpg__GDM_g,2666.6666666666665
ID740402124.jpg__dry_total_g,92.8883
ID742198710.jpg__dry_clover_g,7.363250000000001
ID742198710.jpg__dry_dead_g,20.320188942924027
ID742198710.jpg__dry_green_g,90.1048
ID742198710.jpg__GDM_g,2666.6666666666665
ID742198710.jpg__dry_total_g,86.29090000000001
ID743847993.jpg__dry_clover_g,2.394
ID743847993.jpg__dry_dead_g,13.263487053597522
ID743847993.jpg__dry_green_g,87.7224
ID743847993.jpg__GDM_g,2666.6666666666665
ID743847993.jpg__dry_total_g,70.4008
ID746335827.jpg__dry_clover_g,1.8866999999999998
ID746335827.jpg__dry_dead_g,56.3747789122682
ID746335827.jpg__dry_green_g,80.10985000000001
ID746335827.jpg__GDM_g,2666.6666666666665
ID746335827.jpg__dry_total_g,80.52810000000001
ID748979397.jpg__dry_clover_g,6.1109
ID748979397.jpg__dry_dead_g,59.94580837151023
ID748979397.jpg__dry_green_g,86.4456
ID748979397.jpg__GDM_g,2666.6666666666665
ID748979397.jpg__dry_total_g,89.16345
ID750820644.jpg__dry_clover_g,0.9804
ID750820644.jpg__dry_dead_g,40.1024155362188
ID750820644.jpg__dry_green_g,83.5137
ID750820644.jpg__GDM_g,2666.6666666666665
ID750820644.jpg__dry_total_g,80.98235
ID751517087.jpg__dry_clover_g,0.34435
ID751517087.jpg__dry_dead_g,10.338013915643993
ID751517087.jpg__dry_green_g,95.40960000000001
ID751517087.jpg__GDM_g,2666.6666666666665
ID751517087.jpg__dry_total_g,93.4367
ID753699705.jpg__dry_clover_g,8.0277
ID753699705.jpg__dry_dead_g,52.592455574752236
ID753699705.jpg__dry_green_g,69.81915
ID753699705.jpg__GDM_g,2666.6666666666665
ID753699705.jpg__dry_total_g,72.89885000000001
ID755710743.jpg__dry_clover_g,19.20395
ID755710743.jpg__dry_dead_g,87.73614980038013
ID755710743.jpg__dry_green_g,72.18705
ID755710743.jpg__GDM_g,2666.6666666666665
ID755710743.jpg__dry_total_g,88.04725
ID761508093.jpg__dry_clover_g,1.11355
ID761508093.jpg__dry_dead_g,31.54853219237245
ID761508093.jpg__dry_green_g,69.93965
ID761508093.jpg__GDM_g,2666.6666666666665
ID761508093.jpg__dry_total_g,55.982350000000004
ID779628955.jpg__dry_clover_g,3.09455
ID779628955.jpg__dry_dead_g,7.397604788510464
ID779628955.jpg__dry_green_g,93.1312
ID779628955.jpg__GDM_g,2666.6666666666665
ID779628955.jpg__dry_total_g,90.9079
ID786365141.jpg__dry_clover_g,0.91105
ID786365141.jpg__dry_dead_g,45.52436877350311
ID786365141.jpg__dry_green_g,33.997899999999994
ID786365141.jpg__GDM_g,2666.6666666666665
ID786365141.jpg__dry_total_g,14.311950000000001
ID789169173.jpg__dry_clover_g,0.9440000000000001
ID789169173.jpg__dry_dead_g,6.0081741547734095
ID789169173.jpg__dry_green_g,88.40545
ID789169173.jpg__GDM_g,2666.6666666666665
ID789169173.jpg__dry_total_g,56.22815
ID793526563.jpg__dry_clover_g,0.13799999999999998
ID793526563.jpg__dry_dead_g,4.528019639678614
ID793526563.jpg__dry_green_g,97.2527
ID793526563.jpg__GDM_g,2666.6666666666665
ID793526563.jpg__dry_total_g,95.40485
ID797502182.jpg__dry_clover_g,6.5374
ID797502182.jpg__dry_dead_g,65.27743689467027
ID797502182.jpg__dry_green_g,28.8877
ID797502182.jpg__GDM_g,2666.6666666666665
ID797502182.jpg__dry_total_g,14.278550000000001
ID799079114.jpg__dry_clover_g,8.91285
ID799079114.jpg__dry_dead_g,47.334015114286856
ID799079114.jpg__dry_green_g,46.5516
ID799079114.jpg__GDM_g,2666.6666666666665
ID799079114.jpg__dry_total_g,33.70765
ID802547515.jpg__dry_clover_g,9.16125
ID802547515.jpg__dry_dead_g,53.955384199592096
ID802547515.jpg__dry_green_g,81.83964999999999
ID802547515.jpg__GDM_g,2666.6666666666665
ID802547515.jpg__dry_total_g,88.0828
ID803479541.jpg__dry_clover_g,10.3355
ID803479541.jpg__dry_dead_g,70.80056982089027
ID803479541.jpg__dry_green_g,47.72605
ID803479541.jpg__GDM_g,2666.6666666666665
ID803479541.jpg__dry_total_g,50.09835
ID808079729.jpg__dry_clover_g,1.7537500000000001
ID808079729.jpg__dry_dead_g,45.89734616128262
ID808079729.jpg__dry_green_g,85.9696
ID808079729.jpg__GDM_g,2666.6666666666665
ID808079729.jpg__dry_total_g,86.373
ID808093827.jpg__dry_clover_g,2.3404000000000003
ID808093827.jpg__dry_dead_g,9.59086088109033
ID808093827.jpg__dry_green_g,97.80355
ID808093827.jpg__GDM_g,2666.6666666666665
ID808093827.jpg__dry_total_g,97.2695
ID828217731.jpg__dry_clover_g,10.38855
ID828217731.jpg__dry_dead_g,41.29566401386533
ID828217731.jpg__dry_green_g,72.90065
ID828217731.jpg__GDM_g,2666.6666666666665
ID828217731.jpg__dry_total_g,63.7398
ID839432753.jpg__dry_clover_g,3.72955
ID839432753.jpg__dry_dead_g,38.0696442482772
ID839432753.jpg__dry_green_g,75.04865
ID839432753.jpg__GDM_g,2666.6666666666665
ID839432753.jpg__dry_total_g,75.37745
ID846154859.jpg__dry_clover_g,14.85145
ID846154859.jpg__dry_dead_g,39.350999873605964
ID846154859.jpg__dry_green_g,60.376450000000006
ID846154859.jpg__GDM_g,2666.6666666666665
ID846154859.jpg__dry_total_g,56.431050000000006
ID846984946.jpg__dry_clover_g,71.7912
ID846984946.jpg__dry_dead_g,96.86781448893171
ID846984946.jpg__dry_green_g,7.692150000000001
ID846984946.jpg__GDM_g,2666.6666666666665
ID846984946.jpg__dry_total_g,11.00735
ID853954911.jpg__dry_clover_g,11.916599999999999
ID853954911.jpg__dry_dead_g,32.45231922570617
ID853954911.jpg__dry_green_g,88.63929999999999
ID853954911.jpg__GDM_g,2666.6666666666665
ID853954911.jpg__dry_total_g,89.55575
ID866684633.jpg__dry_clover_g,5.6705
ID866684633.jpg__dry_dead_g,42.08799177929536
ID866684633.jpg__dry_green_g,64.574
ID866684633.jpg__GDM_g,2666.6666666666665
ID866684633.jpg__dry_total_g,57.122749999999996
ID871463897.jpg__dry_clover_g,0.50095
ID871463897.jpg__dry_dead_g,20.898867813788286
ID871463897.jpg__dry_green_g,88.97565
ID871463897.jpg__GDM_g,2666.6666666666665
ID871463897.jpg__dry_total_g,83.58895
ID875119737.jpg__dry_clover_g,5.4245
ID875119737.jpg__dry_dead_g,23.104550085848256
ID875119737.jpg__dry_green_g,95.2801
ID875119737.jpg__GDM_g,2666.6666666666665
ID875119737.jpg__dry_total_g,95.80715
ID885388135.jpg__dry_clover_g,0.4269
ID885388135.jpg__dry_dead_g,25.1327747553386
ID885388135.jpg__dry_green_g,90.04514999999999
ID885388135.jpg__GDM_g,2666.6666666666665
ID885388135.jpg__dry_total_g,86.21674999999999
ID896386823.jpg__dry_clover_g,17.1338
ID896386823.jpg__dry_dead_g,92.36405545762163
ID896386823.jpg__dry_green_g,62.57695
ID896386823.jpg__GDM_g,2666.6666666666665
ID896386823.jpg__dry_total_g,81.47825
ID900012207.jpg__dry_clover_g,23.413
ID900012207.jpg__dry_dead_g,68.10539002336115
ID900012207.jpg__dry_green_g,52.09224999999999
ID900012207.jpg__GDM_g,2666.6666666666665
ID900012207.jpg__dry_total_g,57.168850000000006
ID905397692.jpg__dry_clover_g,0.09065
ID905397692.jpg__dry_dead_g,4.47062219255678
ID905397692.jpg__dry_green_g,98.1113
ID905397692.jpg__GDM_g,2666.6666666666665
ID905397692.jpg__dry_total_g,96.51275
ID908524512.jpg__dry_clover_g,7.59275
ID908524512.jpg__dry_dead_g,36.86169875493625
ID908524512.jpg__dry_green_g,91.99145
ID908524512.jpg__GDM_g,2666.6666666666665
ID908524512.jpg__dry_total_g,95.38265
ID914754166.jpg__dry_clover_g,10.0304
ID914754166.jpg__dry_dead_g,97.17355105723439
ID914754166.jpg__dry_green_g,15.043149999999999
ID914754166.jpg__GDM_g,2666.6666666666665
ID914754166.jpg__dry_total_g,25.647150000000003
ID930534670.jpg__dry_clover_g,3.9238000000000004
ID930534670.jpg__dry_dead_g,76.71410300373498
ID930534670.jpg__dry_green_g,59.92965
ID930534670.jpg__GDM_g,2666.6666666666665
ID930534670.jpg__dry_total_g,68.2757
ID936984905.jpg__dry_clover_g,0.5178999999999999
ID936984905.jpg__dry_dead_g,8.516887005506355
ID936984905.jpg__dry_green_g,98.34495
ID936984905.jpg__GDM_g,2666.6666666666665
ID936984905.jpg__dry_total_g,98.0865
ID950496197.jpg__dry_clover_g,9.639050000000001
ID950496197.jpg__dry_dead_g,51.46287157440741
ID950496197.jpg__dry_green_g,71.7874
ID950496197.jpg__GDM_g,2666.6666666666665
ID950496197.jpg__dry_total_g,75.31949999999999
ID956512130.jpg__dry_clover_g,7.083699999999999
ID956512130.jpg__dry_dead_g,99.53697340255306
ID956512130.jpg__dry_green_g,3.3842999999999996
ID956512130.jpg__GDM_g,2666.6666666666665
ID956512130.jpg__dry_total_g,0.84945
ID963903358.jpg__dry_clover_g,2.8155
ID963903358.jpg__dry_dead_g,34.767001825276935
ID963903358.jpg__dry_green_g,74.4835
ID963903358.jpg__GDM_g,2666.6666666666665
ID963903358.jpg__dry_total_g,63.613299999999995
ID968643034.jpg__dry_clover_g,33.08855
ID968643034.jpg__dry_dead_g,97.12884178462228
ID968643034.jpg__dry_green_g,15.091750000000001
ID968643034.jpg__GDM_g,2666.6666666666665
ID968643034.jpg__dry_total_g,29.8114
ID969218269.jpg__dry_clover_g,6.531499999999999
ID969218269.jpg__dry_dead_g,25.97606038720313
ID969218269.jpg__dry_green_g,77.2559
ID969218269.jpg__GDM_g,2666.6666666666665
ID969218269.jpg__dry_total_g,59.55095
ID972274220.jpg__dry_clover_g,30.12335
ID972274220.jpg__dry_dead_g,80.59143617293478
ID972274220.jpg__dry_green_g,49.7397
ID972274220.jpg__GDM_g,2666.6666666666665
ID972274220.jpg__dry_total_g,64.28695
ID975115267.jpg__dry_clover_g,1.8557000000000001
ID975115267.jpg__dry_dead_g,5.619509790328295
ID975115267.jpg__dry_green_g,86.43575
ID975115267.jpg__GDM_g,2666.6666666666665
ID975115267.jpg__dry_total_g,75.85334999999999
ID978026131.jpg__dry_clover_g,3.8189
ID978026131.jpg__dry_dead_g,37.599397373443956
ID978026131.jpg__dry_green_g,88.2746
ID978026131.jpg__GDM_g,2666.6666666666665
ID978026131.jpg__dry_total_g,89.34514999999999
ID980538882.jpg__dry_clover_g,3.2984
ID980538882.jpg__dry_dead_g,25.076315024832535
ID980538882.jpg__dry_green_g,86.081
ID980538882.jpg__GDM_g,2666.6666666666665
ID980538882.jpg__dry_total_g,80.55250000000001
